,0
0,SAMPLE_ID
1,CANCER_TYPE
2,CANCER_TYPE_DETAILED
3,Cancer_Type
4,SAMPLE_TYPE
5,PRIMARY_SITE
6,METASTATIC_SITE
7,Classification_Category
8,Gender_F
9,MSI_SCORE
10,LogSNV_Mb
11,LogINDEL_Mb
12,ABL1
13,AKT1
14,AKT2
15,AKT3
16,ALK
17,ALOX12B
18,APC
19,AR
20,ARAF
21,ARID1A
22,ARID1B
23,ARID2
24,ARID5B
25,ASXL1
26,ASXL2
27,ATM
28,ATR
29,ATRX
30,AURKA
31,AURKB
32,AXIN1
33,AXIN2
34,AXL
35,B2M
36,BAP1
37,BARD1
38,BBC3
39,BCL2
40,BCL2L1
41,BCL2L11
42,BCL6
43,BCOR
44,BLM
45,BMPR1A
46,BRAF
47,BRCA1
48,BRCA2
49,BRD4
50,BRIP1
51,BTK
52,CARD11
53,CASP8
54,CBFB
55,CBL
56,CCND1
57,CCND2
58,CCND3
59,CCNE1
60,CD274
61,CD276
62,CD79B
63,CDC73
64,CDH1
65,CDK12
66,CDK4
67,CDK6
68,CDK8
69,CDKN1A
70,CDKN1B
71,CDKN2A
72,CDKN2B
73,CDKN2C
74,CHEK1
75,CHEK2
76,CIC
77,CREBBP
78,CRKL
79,CRLF2
80,CSF1R
81,CTCF
82,CTLA4
83,CTNNB1
84,CUL3
85,DAXX
86,DCUN1D1
87,DDR2
88,DICER1
89,DIS3
90,DNMT1
91,DNMT3A
92,DNMT3B
93,DOT1L
94,E2F3
95,EED
96,EGFL7
97,EGFR
98,EIF1AX
99,EP300
100,EPCAM
101,EPHA3
102,EPHA5
103,EPHB1
104,ERBB2
105,ERBB3
106,ERBB4
107,ERCC2
108,ERCC3
109,ERCC4
110,ERCC5
111,ERG
112,ESR1
113,ETV1
114,ETV6
115,EZH2
116,FAM123B
117,FAM175A
118,FAM46C
119,FANCA
120,FANCC
121,FAT1
122,FBXW7
123,FGF19
124,FGF3
125,FGF4
126,FGFR1
127,FGFR2
128,FGFR3
129,FGFR4
130,FH
131,FLCN
132,FLT1
133,FLT3
134,FLT4
135,FOXA1
136,FOXL2
137,FOXP1
138,FUBP1
139,GATA1
140,GATA2
141,GATA3
142,GNA11
143,GNAQ
144,GNAS
145,GREM1
146,GRIN2A
147,GSK3B
148,H3F3C
149,HGF
150,HIST1H1C
151,HIST1H2BD
152,HIST1H3B
153,HNF1A
154,HRAS
155,ICOSLG
156,IDH1
157,IDH2
158,IFNGR1
159,IGF1
160,IGF1R
161,IGF2
162,IKBKE
163,IKZF1
164,IL10
165,IL7R
166,INPP4A
167,INPP4B
168,INSR
169,IRF4
170,IRS1
171,IRS2
172,JAK1
173,JAK2
174,JAK3
175,JUN
176,KDM5A
177,KDM5C
178,KDM6A
179,KDR
180,KEAP1
181,KIT
182,KLF4
183,KMT2A
184,KMT2C
185,KMT2D
186,KRAS
187,LATS1
188,LATS2
189,LMO1
190,MAP2K1
191,MAP2K2
192,MAP2K4
193,MAP3K1
194,MAP3K13
195,MAPK1
196,MAX
197,MCL1
198,MDC1
199,MDM2
200,MDM4
201,MED12
202,MEF2B
203,MEN1
204,MET
205,MITF
206,MLH1
207,MPL
208,MRE11A
209,MSH2
210,MSH6
211,MTOR
212,MUTYH
213,MYC
214,MYCL1
215,MYCN
216,MYD88
217,MYOD1
218,NBN
219,NCOR1
220,NF1
221,NF2
222,NFE2L2
223,NKX2-1
224,NKX3-1
225,NOTCH1
226,NOTCH2
227,NOTCH3
228,NOTCH4
229,NPM1
230,NRAS
231,NSD1
232,NTRK1
233,NTRK2
234,NTRK3
235,PAK1
236,PAK7
237,PALB2
238,PARK2
239,PARP1
240,PAX5
241,PBRM1
242,PDCD1
243,PDGFRA
244,PDGFRB
245,PDPK1
246,PHOX2B
247,PIK3C2G
248,PIK3C3
249,PIK3CA
250,PIK3CB
251,PIK3CD
252,PIK3CG
253,PIK3R1
254,PIK3R2
255,PIK3R3
256,PIM1
257,PLK2
258,PMAIP1
259,PMS1
260,PMS2
261,PNRC1
262,POLE
263,PPP2R1A
264,PRDM1
265,PRKAR1A
266,PTCH1
267,PTEN
268,PTPN11
269,PTPRD
270,PTPRS
271,PTPRT
272,RAC1
273,RAD50
274,RAD51
275,RAD51C
276,RAD51L1
277,RAD51L3
278,RAD52
279,RAD54L
280,RAF1
281,RARA
282,RASA1
283,RB1
284,RBM10
285,RECQL4
286,REL
287,RET
288,RFWD2
289,RHOA
290,RICTOR
291,RIT1
292,RNF43
293,ROS1
294,RPS6KA4
295,RPS6KB2
296,RPTOR
297,RUNX1
298,RYBP
299,SDHA
300,SDHAF2
301,SDHB
302,SDHC
303,SDHD
304,SETD2
305,SF3B1
306,SH2D1A
307,SHQ1
308,SMAD2
309,SMAD3
310,SMAD4
311,SMARCA4
312,SMARCB1
313,SMARCD1
314,SMO
315,SOCS1
316,SOX17
317,SOX2
318,SOX9
319,SPEN
320,SPOP
321,SRC
322,STAG2
323,STK11
324,STK40
325,SUFU
326,SUZ12
327,SYK
328,TBX3
329,TERT
330,TERTp
331,TET1
332,TET2
333,TGFBR1
334,TGFBR2
335,TMEM127
336,TMPRSS2
337,TNFAIP3
338,TNFRSF14
339,TOP1
340,TP53
341,TP63
342,TRAF7
343,TSC1
344,TSC2
345,TSHR
346,U2AF1
347,VHL
348,VTCN1
349,WT1
350,XIAP
351,XPO1
352,YAP1
353,YES1
354,ABL1_TRUNC
355,AKT1_TRUNC
356,AKT2_TRUNC
357,AKT3_TRUNC
358,ALK_TRUNC
359,ALOX12B_TRUNC
360,APC_TRUNC
361,AR_TRUNC
362,ARAF_TRUNC
363,ARID1A_TRUNC
364,ARID1B_TRUNC
365,ARID2_TRUNC
366,ARID5B_TRUNC
367,ASXL1_TRUNC
368,ASXL2_TRUNC
369,ATM_TRUNC
370,ATR_TRUNC
371,ATRX_TRUNC
372,AURKA_TRUNC
373,AURKB_TRUNC
374,AXIN1_TRUNC
375,AXIN2_TRUNC
376,AXL_TRUNC
377,B2M_TRUNC
378,BAP1_TRUNC
379,BARD1_TRUNC
380,BBC3_TRUNC
381,BCL2_TRUNC
382,BCL2L1_TRUNC
383,BCL2L11_TRUNC
384,BCL6_TRUNC
385,BCOR_TRUNC
386,BLM_TRUNC
387,BMPR1A_TRUNC
388,BRAF_TRUNC
389,BRCA1_TRUNC
390,BRCA2_TRUNC
391,BRD4_TRUNC
392,BRIP1_TRUNC
393,BTK_TRUNC
394,CARD11_TRUNC
395,CASP8_TRUNC
396,CBFB_TRUNC
397,CBL_TRUNC
398,CCND1_TRUNC
399,CCND2_TRUNC
400,CCND3_TRUNC
401,CCNE1_TRUNC
402,CD274_TRUNC
403,CD276_TRUNC
404,CD79B_TRUNC
405,CDC73_TRUNC
406,CDH1_TRUNC
407,CDK12_TRUNC
408,CDK4_TRUNC
409,CDK6_TRUNC
410,CDK8_TRUNC
411,CDKN1A_TRUNC
412,CDKN1B_TRUNC
413,CDKN2A_TRUNC
414,CDKN2B_TRUNC
415,CDKN2C_TRUNC
416,CHEK1_TRUNC
417,CHEK2_TRUNC
418,CIC_TRUNC
419,CREBBP_TRUNC
420,CRKL_TRUNC
421,CRLF2_TRUNC
422,CSF1R_TRUNC
423,CTCF_TRUNC
424,CTLA4_TRUNC
425,CTNNB1_TRUNC
426,CUL3_TRUNC
427,DAXX_TRUNC
428,DCUN1D1_TRUNC
429,DDR2_TRUNC
430,DICER1_TRUNC
431,DIS3_TRUNC
432,DNMT1_TRUNC
433,DNMT3A_TRUNC
434,DNMT3B_TRUNC
435,DOT1L_TRUNC
436,E2F3_TRUNC
437,EED_TRUNC
438,EGFL7_TRUNC
439,EGFR_TRUNC
440,EIF1AX_TRUNC
441,EP300_TRUNC
442,EPCAM_TRUNC
443,EPHA3_TRUNC
444,EPHA5_TRUNC
445,EPHB1_TRUNC
446,ERBB2_TRUNC
447,ERBB3_TRUNC
448,ERBB4_TRUNC
449,ERCC2_TRUNC
450,ERCC3_TRUNC
451,ERCC4_TRUNC
452,ERCC5_TRUNC
453,ERG_TRUNC
454,ESR1_TRUNC
455,ETV1_TRUNC
456,ETV6_TRUNC
457,EZH2_TRUNC
458,FAM123B_TRUNC
459,FAM175A_TRUNC
460,FAM46C_TRUNC
461,FANCA_TRUNC
462,FANCC_TRUNC
463,FAT1_TRUNC
464,FBXW7_TRUNC
465,FGF19_TRUNC
466,FGF3_TRUNC
467,FGF4_TRUNC
468,FGFR1_TRUNC
469,FGFR2_TRUNC
470,FGFR3_TRUNC
471,FGFR4_TRUNC
472,FH_TRUNC
473,FLCN_TRUNC
474,FLT1_TRUNC
475,FLT3_TRUNC
476,FLT4_TRUNC
477,FOXA1_TRUNC
478,FOXL2_TRUNC
479,FOXP1_TRUNC
480,FUBP1_TRUNC
481,GATA1_TRUNC
482,GATA2_TRUNC
483,GATA3_TRUNC
484,GNA11_TRUNC
485,GNAQ_TRUNC
486,GNAS_TRUNC
487,GREM1_TRUNC
488,GRIN2A_TRUNC
489,GSK3B_TRUNC
490,H3F3C_TRUNC
491,HGF_TRUNC
492,HIST1H1C_TRUNC
493,HIST1H2BD_TRUNC
494,HIST1H3B_TRUNC
495,HNF1A_TRUNC
496,HRAS_TRUNC
497,ICOSLG_TRUNC
498,IDH1_TRUNC
499,IDH2_TRUNC
500,IFNGR1_TRUNC
501,IGF1_TRUNC
502,IGF1R_TRUNC
503,IGF2_TRUNC
504,IKBKE_TRUNC
505,IKZF1_TRUNC
506,IL10_TRUNC
507,IL7R_TRUNC
508,INPP4A_TRUNC
509,INPP4B_TRUNC
510,INSR_TRUNC
511,IRF4_TRUNC
512,IRS1_TRUNC
513,IRS2_TRUNC
514,JAK1_TRUNC
515,JAK2_TRUNC
516,JAK3_TRUNC
517,JUN_TRUNC
518,KDM5A_TRUNC
519,KDM5C_TRUNC
520,KDM6A_TRUNC
521,KDR_TRUNC
522,KEAP1_TRUNC
523,KIT_TRUNC
524,KLF4_TRUNC
525,KMT2A_TRUNC
526,KMT2C_TRUNC
527,KMT2D_TRUNC
528,KRAS_TRUNC
529,LATS1_TRUNC
530,LATS2_TRUNC
531,LMO1_TRUNC
532,MAP2K1_TRUNC
533,MAP2K2_TRUNC
534,MAP2K4_TRUNC
535,MAP3K1_TRUNC
536,MAP3K13_TRUNC
537,MAPK1_TRUNC
538,MAX_TRUNC
539,MCL1_TRUNC
540,MDC1_TRUNC
541,MDM2_TRUNC
542,MDM4_TRUNC
543,MED12_TRUNC
544,MEF2B_TRUNC
545,MEN1_TRUNC
546,MET_TRUNC
547,MITF_TRUNC
548,MLH1_TRUNC
549,MPL_TRUNC
550,MRE11A_TRUNC
551,MSH2_TRUNC
552,MSH6_TRUNC
553,MTOR_TRUNC
554,MUTYH_TRUNC
555,MYC_TRUNC
556,MYCL1_TRUNC
557,MYCN_TRUNC
558,MYD88_TRUNC
559,MYOD1_TRUNC
560,NBN_TRUNC
561,NCOR1_TRUNC
562,NF1_TRUNC
563,NF2_TRUNC
564,NFE2L2_TRUNC
565,NKX2-1_TRUNC
566,NKX3-1_TRUNC
567,NOTCH1_TRUNC
568,NOTCH2_TRUNC
569,NOTCH3_TRUNC
570,NOTCH4_TRUNC
571,NPM1_TRUNC
572,NRAS_TRUNC
573,NSD1_TRUNC
574,NTRK1_TRUNC
575,NTRK2_TRUNC
576,NTRK3_TRUNC
577,PAK1_TRUNC
578,PAK7_TRUNC
579,PALB2_TRUNC
580,PARK2_TRUNC
581,PARP1_TRUNC
582,PAX5_TRUNC
583,PBRM1_TRUNC
584,PDCD1_TRUNC
585,PDGFRA_TRUNC
586,PDGFRB_TRUNC
587,PDPK1_TRUNC
588,PHOX2B_TRUNC
589,PIK3C2G_TRUNC
590,PIK3C3_TRUNC
591,PIK3CA_TRUNC
592,PIK3CB_TRUNC
593,PIK3CD_TRUNC
594,PIK3CG_TRUNC
595,PIK3R1_TRUNC
596,PIK3R2_TRUNC
597,PIK3R3_TRUNC
598,PIM1_TRUNC
599,PLK2_TRUNC
600,PMAIP1_TRUNC
601,PMS1_TRUNC
602,PMS2_TRUNC
603,PNRC1_TRUNC
604,POLE_TRUNC
605,PPP2R1A_TRUNC
606,PRDM1_TRUNC
607,PRKAR1A_TRUNC
608,PTCH1_TRUNC
609,PTEN_TRUNC
610,PTPN11_TRUNC
611,PTPRD_TRUNC
612,PTPRS_TRUNC
613,PTPRT_TRUNC
614,RAC1_TRUNC
615,RAD50_TRUNC
616,RAD51_TRUNC
617,RAD51C_TRUNC
618,RAD51L1_TRUNC
619,RAD51L3_TRUNC
620,RAD52_TRUNC
621,RAD54L_TRUNC
622,RAF1_TRUNC
623,RARA_TRUNC
624,RASA1_TRUNC
625,RB1_TRUNC
626,RBM10_TRUNC
627,RECQL4_TRUNC
628,REL_TRUNC
629,RET_TRUNC
630,RFWD2_TRUNC
631,RHOA_TRUNC
632,RICTOR_TRUNC
633,RIT1_TRUNC
634,RNF43_TRUNC
635,ROS1_TRUNC
636,RPS6KA4_TRUNC
637,RPS6KB2_TRUNC
638,RPTOR_TRUNC
639,RUNX1_TRUNC
640,RYBP_TRUNC
641,SDHA_TRUNC
642,SDHAF2_TRUNC
643,SDHB_TRUNC
644,SDHC_TRUNC
645,SDHD_TRUNC
646,SETD2_TRUNC
647,SF3B1_TRUNC
648,SH2D1A_TRUNC
649,SHQ1_TRUNC
650,SMAD2_TRUNC
651,SMAD3_TRUNC
652,SMAD4_TRUNC
653,SMARCA4_TRUNC
654,SMARCB1_TRUNC
655,SMARCD1_TRUNC
656,SMO_TRUNC
657,SOCS1_TRUNC
658,SOX17_TRUNC
659,SOX2_TRUNC
660,SOX9_TRUNC
661,SPEN_TRUNC
662,SPOP_TRUNC
663,SRC_TRUNC
664,STAG2_TRUNC
665,STK11_TRUNC
666,STK40_TRUNC
667,SUFU_TRUNC
668,SUZ12_TRUNC
669,SYK_TRUNC
670,TBX3_TRUNC
671,TERT_TRUNC
672,TET1_TRUNC
673,TET2_TRUNC
674,TGFBR1_TRUNC
675,TGFBR2_TRUNC
676,TMEM127_TRUNC
677,TMPRSS2_TRUNC
678,TNFAIP3_TRUNC
679,TNFRSF14_TRUNC
680,TOP1_TRUNC
681,TP53_TRUNC
682,TP63_TRUNC
683,TRAF7_TRUNC
684,TSC1_TRUNC
685,TSC2_TRUNC
686,TSHR_TRUNC
687,U2AF1_TRUNC
688,VHL_TRUNC
689,VTCN1_TRUNC
690,WT1_TRUNC
691,XIAP_TRUNC
692,XPO1_TRUNC
693,YAP1_TRUNC
694,YES1_TRUNC
695,AKT1_hotspot
696,AKT2_hotspot
697,AKT3_hotspot
698,ALK_hotspot
699,APC_hotspot
700,AR_hotspot
701,ARAF_hotspot
702,ARID1A_hotspot
703,ARID1B_hotspot
704,ARID2_hotspot
705,ASXL2_hotspot
706,ATM_hotspot
707,ATRX_hotspot
708,AXIN1_hotspot
709,AXL_hotspot
710,B2M_hotspot
711,BAP1_hotspot
712,BCL2_hotspot
713,BCL2L11_hotspot
714,BCL6_hotspot
715,BCOR_hotspot
716,BRAF_hotspot
717,BRCA2_hotspot
718,CARD11_hotspot
719,CASP8_hotspot
720,CBFB_hotspot
721,CBL_hotspot
722,CCND1_hotspot
723,CCND3_hotspot
724,CD79B_hotspot
725,CDH1_hotspot
726,CDK12_hotspot
727,CDK4_hotspot
728,CDK6_hotspot
729,CDK8_hotspot
730,CDKN1B_hotspot
731,CDKN2A_hotspot
732,CDKN2C_hotspot
733,CHEK2_hotspot
734,CIC_hotspot
735,CREBBP_hotspot
736,CRLF2_hotspot
737,CTCF_hotspot
738,CTLA4_hotspot
739,CTNNB1_hotspot
740,CUL3_hotspot
741,DAXX_hotspot
742,DICER1_hotspot
743,DIS3_hotspot
744,DNMT1_hotspot
745,DNMT3A_hotspot
746,DNMT3B_hotspot
747,DOT1L_hotspot
748,EGFR_hotspot
749,EIF1AX_hotspot
750,EP300_hotspot
751,EPHA3_hotspot
752,EPHB1_hotspot
753,ERBB2_hotspot
754,ERBB3_hotspot
755,ERBB4_hotspot
756,ERCC2_hotspot
757,ESR1_hotspot
758,ETV6_hotspot
759,EZH2_hotspot
760,FAT1_hotspot
761,FBXW7_hotspot
762,FGFR1_hotspot
763,FGFR2_hotspot
764,FGFR3_hotspot
765,FGFR4_hotspot
766,FH_hotspot
767,FLT1_hotspot
768,FOXA1_hotspot
769,FOXL2_hotspot
770,FOXP1_hotspot
771,FUBP1_hotspot
772,GATA1_hotspot
773,GATA2_hotspot
774,GATA3_hotspot
775,GNA11_hotspot
776,GNAQ_hotspot
777,GNAS_hotspot
778,GSK3B_hotspot
779,HGF_hotspot
780,HIST1H1C_hotspot
781,HIST1H2BD_hotspot
782,HIST1H3B_hotspot
783,HNF1A_hotspot
784,HRAS_hotspot
785,IDH1_hotspot
786,IDH2_hotspot
787,IKZF1_hotspot
788,IL7R_hotspot
789,INPP4A_hotspot
790,IRF4_hotspot
791,JAK1_hotspot
792,JUN_hotspot
793,KDM5C_hotspot
794,KDM6A_hotspot
795,KDR_hotspot
796,KEAP1_hotspot
797,KIT_hotspot
798,KLF4_hotspot
799,KMT2A_hotspot
800,KMT2C_hotspot
801,KMT2D_hotspot
802,KRAS_hotspot
803,LATS2_hotspot
804,MAP2K1_hotspot
805,MAP2K2_hotspot
806,MAP2K4_hotspot
807,MAP3K1_hotspot
808,MAP3K13_hotspot
809,MAPK1_hotspot
810,MAX_hotspot
811,MDC1_hotspot
812,MED12_hotspot
813,MET_hotspot
814,MSH2_hotspot
815,MTOR_hotspot
816,MYC_hotspot
817,MYCN_hotspot
818,MYD88_hotspot
819,MYOD1_hotspot
820,NF1_hotspot
821,NFE2L2_hotspot
822,NOTCH1_hotspot
823,NOTCH2_hotspot
824,NRAS_hotspot
825,NSD1_hotspot
826,PAK7_hotspot
827,PARP1_hotspot
828,PAX5_hotspot
829,PBRM1_hotspot
830,PDGFRA_hotspot
831,PDPK1_hotspot
832,PIK3CA_hotspot
833,PIK3CB_hotspot
834,PIK3CD_hotspot
835,PIK3R1_hotspot
836,PIK3R2_hotspot
837,PIM1_hotspot
838,PLK2_hotspot
839,POLE_hotspot
840,PPP2R1A_hotspot
841,PTEN_hotspot
842,PTPN11_hotspot
843,PTPRD_hotspot
844,PTPRS_hotspot
845,PTPRT_hotspot
846,RAC1_hotspot
847,RAD50_hotspot
848,RAD51C_hotspot
849,RAD52_hotspot
850,RAF1_hotspot
851,RB1_hotspot
852,RBM10_hotspot
853,RET_hotspot
854,RHOA_hotspot
855,RICTOR_hotspot
856,RIT1_hotspot
857,RNF43_hotspot
858,RPS6KA4_hotspot
859,RPTOR_hotspot
860,RUNX1_hotspot
861,SDHA_hotspot
862,SDHAF2_hotspot
863,SETD2_hotspot
864,SF3B1_hotspot
865,SMAD2_hotspot
866,SMAD3_hotspot
867,SMAD4_hotspot
868,SMARCA4_hotspot
869,SMARCB1_hotspot
870,SMARCD1_hotspot
871,SMO_hotspot
872,SOX17_hotspot
873,SOX9_hotspot
874,SPOP_hotspot
875,STAG2_hotspot
876,STK11_hotspot
877,SYK_hotspot
878,TBX3_hotspot
879,TET1_hotspot
880,TET2_hotspot
881,TGFBR1_hotspot
882,TGFBR2_hotspot
883,TNFRSF14_hotspot
884,TP53_hotspot
885,TP63_hotspot
886,TRAF7_hotspot
887,TSC1_hotspot
888,U2AF1_hotspot
889,VHL_hotspot
890,XPO1_hotspot
891,AKT1.D323G
892,AKT1.D323N
893,AKT1.D323Y
894,AKT1.E17*
895,AKT1.E17K
896,AKT1.L52H
897,AKT1.L52R
898,AKT1.P68_C77dup
899,AKT1.Q79K
900,AKT1.T65_I75dup
901,AKT2.C60_I75dup
902,AKT2.L78_Q79insHANTFVIRCL
903,AKT2.R67_L78dup
904,AKT2.R76_I84dup
905,AKT3.E17*
906,AKT3.E17K
907,ALK.F1174L
908,ALK.F1174V
909,ALK.F1245I
910,ALK.F1245V
911,ALK.R1275*
912,ALK.R1275L
913,ALK.R1275Q
914,ALK.R395H
915,ALK.R401*
916,ALK.R401L
917,ALK.R401Q
918,APC.E1353*
919,APC.E1379*
920,APC.E1397*
921,APC.E1408*
922,APC.Q1294*
923,APC.Q1303*
924,APC.Q1328*
925,APC.Q1338*
926,APC.Q1367*
927,APC.Q1367E
928,APC.Q1378*
929,APC.Q1406*
930,APC.Q1429*
931,APC.R213*
932,APC.S1315*
933,APC.Y935*
934,ARAF.P216L
935,ARAF.P216R
936,ARAF.S214A
937,ARAF.S214C
938,ARAF.S214F
939,ARAF.S214P
940,ARAF.S214Y
941,ARID1A.G2087E
942,ARID1A.G2087R
943,ARID1A.Q1142*
944,ARID1A.R1276*
945,ARID1A.R1335*
946,ARID1A.R1461*
947,ARID1A.R1461Q
948,ARID1A.R1721*
949,ARID1A.R1722*
950,ARID1A.R1989*
951,ARID1A.R1989Q
952,ARID1A.R2158*
953,ARID1A.R2158Q
954,ARID1A.R693*
955,ARID1A.X911_splice
956,ARID1B.Q1179*
957,ARID1B.Q1179P
958,ARID1B.T1652M
959,ARID2.R314C
960,ARID2.R314S
961,ARID2.S297F
962,AR.H875Y
963,AR.L702H
964,AR.T878A
965,AR.T878S
966,AR.W742C
967,AR.W742L
968,ASXL2.E330K
969,ASXL2.R357*
970,ATM.I2888L
971,ATM.I2888T
972,ATM.L2890P
973,ATM.L2890V
974,ATM.N2875S
975,ATM.R1466*
976,ATM.R1466P
977,ATM.R1466Q
978,ATM.R250*
979,ATM.R2832C
980,ATM.R3008C
981,ATM.R3008H
982,ATM.R3008L
983,ATM.R337C
984,ATM.R337H
985,ATRX.R1426*
986,ATRX.R907*
987,ATRX.X199_splice
988,AXIN1.A804T
989,AXIN1.X652_splice
990,AXL.A273P
991,AXL.A273V
992,B2M.L12P
993,B2M.L7*
994,B2M.X23_splice
995,BAP1.E31del
996,BAP1.K25_D34delinsN
997,BAP1.K25_Q28del
998,BAP1.Y33del
999,BCL2L11.G156*
1000,BCL2L11.G156E
1001,BCL2L11.G156R
1002,BCL2.A131D
1003,BCL2.A131V
1004,BCL2.K22*
1005,BCL2.N172S
1006,BCL6.R594G
1007,BCL6.R594Q
1008,BCL6.R618C
1009,BCL6.R618H
1010,BCOR.N1459S
1011,BRAF.D594E
1012,BRAF.D594G
1013,BRAF.D594H
1014,BRAF.D594N
1015,BRAF.D594V
1016,BRAF.D594Y
1017,BRAF.F595L
1018,BRAF.G464V
1019,BRAF.G466A
1020,BRAF.G466E
1021,BRAF.G466V
1022,BRAF.G469A
1023,BRAF.G469E
1024,BRAF.G469R
1025,BRAF.G469S
1026,BRAF.G469V
1027,BRAF.G596C
1028,BRAF.G596D
1029,BRAF.G596R
1030,BRAF.G596S
1031,BRAF.G596V
1032,BRAF.I592_A598dup
1033,BRAF.K601E
1034,BRAF.K601N
1035,BRAF.L485F
1036,BRAF.L485W
1037,BRAF.L505H
1038,BRAF.L597Q
1039,BRAF.L597R
1040,BRAF.L597S
1041,BRAF.L597V
1042,BRAF.N486_A489delinsK
1043,BRAF.N486_P490del
1044,BRAF.N581D
1045,BRAF.N581H
1046,BRAF.N581I
1047,BRAF.N581S
1048,BRAF.N581T
1049,BRAF.N581Y
1050,BRAF.S467L
1051,BRAF.T599dup
1052,BRAF.V471I
1053,BRAF.V600E
1054,BRAF.V600K
1055,BRAF.V600R
1056,BRAF.V600_K601delinsE
1057,BRAF.W604L
1058,BRAF.X327_splice
1059,BRCA2.S2303F
1060,CARD11.D357N
1061,CARD11.D357V
1062,CARD11.E626*
1063,CARD11.E626Q
1064,CARD11.E93K
1065,CARD11.K215N
1066,CARD11.R337*
1067,CARD11.R337Q
1068,CARD11.R423Q
1069,CARD11.R423W
1070,CASP8.R127*
1071,CASP8.R127Q
1072,CASP8.R292Q
1073,CASP8.R292W
1074,CASP8.R491*
1075,CASP8.R491Q
1076,CASP8.R494*
1077,CASP8.X243_splice
1078,CBFB.W73*
1079,CBL.C384R
1080,CBL.C416S
1081,CBL.E276K
1082,CBL.F418I
1083,CBL.G415S
1084,CBL.P417H
1085,CBL.P417L
1086,CBL.R420G
1087,CCND1.E9D
1088,CCND1.E9K
1089,CCND1.P287A
1090,CCND1.P287L
1091,CCND1.P287R
1092,CCND1.P287S
1093,CCND1.P287T
1094,CCND1.S41L
1095,CCND1.T286A
1096,CCND1.T286I
1097,CCND1.Y44D
1098,CCND3.Q276*
1099,CD79B.X185_splice
1100,CD79B.Y197D
1101,CD79B.Y197S
1102,CDH1.D254E
1103,CDH1.D254N
1104,CDH1.D254Y
1105,CDH1.D257G
1106,CDH1.D257N
1107,CDH1.D288N
1108,CDH1.D291N
1109,CDH1.Q23*
1110,CDH1.R224H
1111,CDH1.R335*
1112,CDH1.R335Q
1113,CDH1.R63*
1114,CDH1.X177_splice
1115,CDH1.X278_splice
1116,CDH1.X440_splice
1117,CDH1.X722_splice
1118,CDH1.Y190C
1119,CDK12.R890H
1120,CDK4.K22M
1121,CDK4.K22Q
1122,CDK4.R24C
1123,CDK4.R24H
1124,CDK4.R24L
1125,CDK4.R24S
1126,CDK6.R220C
1127,CDK6.V234M
1128,CDK8.A63T
1129,CDK8.S60C
1130,CDK8.S62L
1131,CDK8.V93M
1132,CDKN1B.G72A
1133,CDKN1B.G72D
1134,CDKN1B.X159_splice
1135,CDKN2A.A36_N39delinsD
1136,CDKN2A.D108G
1137,CDKN2A.D108H
1138,CDKN2A.D108N
1139,CDKN2A.D108V
1140,CDKN2A.D108Y
1141,CDKN2A.D74G
1142,CDKN2A.D74N
1143,CDKN2A.D74V
1144,CDKN2A.D74Y
1145,CDKN2A.D84A
1146,CDKN2A.D84G
1147,CDKN2A.D84N
1148,CDKN2A.D84V
1149,CDKN2A.D84Y
1150,CDKN2A.E120*
1151,CDKN2A.E27del
1152,CDKN2A.E88*
1153,CDKN2A.E88K
1154,CDKN2A.G35_A36del
1155,CDKN2A.H83D
1156,CDKN2A.H83N
1157,CDKN2A.H83Q
1158,CDKN2A.H83R
1159,CDKN2A.H83Y
1160,CDKN2A.L130Q
1161,CDKN2A.L130R
1162,CDKN2A.L32_L37del
1163,CDKN2A.N42H
1164,CDKN2A.N42I
1165,CDKN2A.N42K
1166,CDKN2A.N42Y
1167,CDKN2A.P114F
1168,CDKN2A.P114H
1169,CDKN2A.P114L
1170,CDKN2A.P114S
1171,CDKN2A.P48L
1172,CDKN2A.P48R
1173,CDKN2A.Q50*
1174,CDKN2A.Q50H
1175,CDKN2A.Q50R
1176,CDKN2A.R29_A34del
1177,CDKN2A.R58*
1178,CDKN2A.R80*
1179,CDKN2A.S12*
1180,CDKN2A.S12L
1181,CDKN2A.V28_E33del
1182,CDKN2A.W110*
1183,CDKN2A.X153_splice
1184,CDKN2A.X51_splice
1185,CDKN2A.Y129*
1186,CDKN2A.Y129C
1187,CDKN2C.D64N
1188,CDKN2C.D67N
1189,CDKN2C.E99K
1190,CDKN2C.Q43H
1191,CHEK2.R346C
1192,CHEK2.R346G
1193,CHEK2.R346H
1194,CHEK2.R346S
1195,CIC.N205S
1196,CIC.P203A
1197,CIC.R1512C
1198,CIC.R1512H
1199,CIC.R1512L
1200,CIC.R1515C
1201,CIC.R1515H
1202,CIC.R201W
1203,CIC.R202Q
1204,CIC.R202W
1205,CIC.R215Q
1206,CIC.R215W
1207,CIC.S231N
1208,CIC.W238R
1209,CIC.X151_splice
1210,CREBBP.A1782T
1211,CREBBP.D1435G
1212,CREBBP.D1435H
1213,CREBBP.D1435N
1214,CREBBP.D1435Y
1215,CREBBP.I1431N
1216,CREBBP.I1431S
1217,CREBBP.L1499P
1218,CREBBP.L1499Q
1219,CREBBP.R1446C
1220,CREBBP.R1446G
1221,CREBBP.R1446H
1222,CREBBP.R1446L
1223,CREBBP.R1446P
1224,CREBBP.R1446S
1225,CREBBP.R1786C
1226,CREBBP.R413Q
1227,CREBBP.S1680del
1228,CREBBP.S1778L
1229,CREBBP.T396M
1230,CREBBP.V1802M
1231,CREBBP.W1472C
1232,CREBBP.W1472R
1233,CREBBP.W1502C
1234,CREBBP.W1502L
1235,CREBBP.W1502R
1236,CREBBP.Y1450C
1237,CREBBP.Y1450N
1238,CREBBP.Y1482C
1239,CREBBP.Y1482D
1240,CREBBP.Y1482H
1241,CREBBP.Y1482N
1242,CREBBP.Y1503C
1243,CRLF2.S128L
1244,CTCF.H284Y
1245,CTCF.H288D
1246,CTCF.H288R
1247,CTCF.H288Y
1248,CTCF.R377C
1249,CTCF.R377H
1250,CTCF.R448*
1251,CTCF.S354F
1252,CTCF.Y226C
1253,CTLA4.G109R
1254,CTLA4.S107Y
1255,CTNNB1.A43_P44dup
1256,CTNNB1.D32A
1257,CTNNB1.D32G
1258,CTNNB1.D32H
1259,CTNNB1.D32N
1260,CTNNB1.D32V
1261,CTNNB1.D32Y
1262,CTNNB1.D32_I35delinsV
1263,CTNNB1.D32_S33del
1264,CTNNB1.D32_S37delinsA
1265,CTNNB1.G34E
1266,CTNNB1.G34R
1267,CTNNB1.G34V
1268,CTNNB1.G34_S71del
1269,CTNNB1.G38_P44del
1270,CTNNB1.H36P
1271,CTNNB1.I35S
1272,CTNNB1.K292E
1273,CTNNB1.K292T
1274,CTNNB1.K335I
1275,CTNNB1.K335T
1276,CTNNB1.L31_S33del
1277,CTNNB1.N387I
1278,CTNNB1.N387K
1279,CTNNB1.P44_S60del
1280,CTNNB1.Q26_D32delinsH
1281,CTNNB1.Q28_D32delinsH
1282,CTNNB1.R535*
1283,CTNNB1.S23_S33del
1284,CTNNB1.S33A
1285,CTNNB1.S33C
1286,CTNNB1.S33F
1287,CTNNB1.S33P
1288,CTNNB1.S33Y
1289,CTNNB1.S33_A39del
1290,CTNNB1.S37A
1291,CTNNB1.S37C
1292,CTNNB1.S37F
1293,CTNNB1.S37P
1294,CTNNB1.S37Y
1295,CTNNB1.S45A
1296,CTNNB1.S45C
1297,CTNNB1.S45F
1298,CTNNB1.S45P
1299,CTNNB1.S45Y
1300,CTNNB1.S45del
1301,CTNNB1.T41A
1302,CTNNB1.T41I
1303,CTNNB1.T41N
1304,CTNNB1.T41_S45del
1305,CTNNB1.W25_D32del
1306,CTNNB1.W25_H36del
1307,CTNNB1.W383C
1308,CTNNB1.W383G
1309,CTNNB1.W383R
1310,CTNNB1.W383S
1311,CTNNB1.Y30_S33del
1312,CUL3.M299R
1313,CUL3.M299V
1314,DAXX.E457del
1315,DAXX.E457dup
1316,DICER1.D1709N
1317,DICER1.D1810N
1318,DICER1.D1810V
1319,DICER1.D1810Y
1320,DICER1.E1813G
1321,DICER1.E1813K
1322,DICER1.E1813Q
1323,DICER1.S1344L
1324,DIS3.D479G
1325,DIS3.D479H
1326,DIS3.D479V
1327,DIS3.D479Y
1328,DIS3.D488G
1329,DIS3.D488H
1330,DIS3.D488N
1331,DIS3.D488Y
1332,DIS3.L767F
1333,DIS3.R382G
1334,DIS3.R382Q
1335,DIS3.R689G
1336,DIS3.R689Q
1337,DIS3.R780G
1338,DIS3.R780K
1339,DIS3.R780S
1340,DIS3.R780T
1341,DNMT1.E432K
1342,DNMT1.E51K
1343,DNMT3A.R882C
1344,DNMT3A.R882H
1345,DNMT3A.R882P
1346,DNMT3B.V229L
1347,DNMT3B.V229M
1348,DOT1L.G137R
1349,DOT1L.S118L
1350,DOT1L.V119L
1351,EGFR.A289D
1352,EGFR.A289T
1353,EGFR.A289V
1354,EGFR.A750P
1355,EGFR.A767_V769dup
1356,EGFR.D256Y
1357,EGFR.D770_N771insG
1358,EGFR.D770_N771insGF
1359,EGFR.D770_N771insGL
1360,EGFR.D770_N771insY
1361,EGFR.D770_P772dup
1362,EGFR.E709A
1363,EGFR.E709K
1364,EGFR.E709_T710delinsD
1365,EGFR.E746_A750del
1366,EGFR.E746_T751delinsA
1367,EGFR.E84V
1368,EGFR.F254I
1369,EGFR.G598A
1370,EGFR.G598E
1371,EGFR.G598V
1372,EGFR.G719A
1373,EGFR.G719C
1374,EGFR.G719D
1375,EGFR.G719S
1376,EGFR.H304Y
1377,EGFR.H773_V774dup
1378,EGFR.H773dup
1379,EGFR.K745_E746insVPVAIK
1380,EGFR.L62R
1381,EGFR.L747F
1382,EGFR.L747P
1383,EGFR.L747S
1384,EGFR.L747_E749del
1385,EGFR.L747_P753delinsS
1386,EGFR.L747_S752del
1387,EGFR.L747_T751del
1388,EGFR.L833M
1389,EGFR.L833V
1390,EGFR.L858R
1391,EGFR.L861Q
1392,EGFR.N771_H773dup
1393,EGFR.N771_P772insH
1394,EGFR.N771_P772insHH
1395,EGFR.N771_P772insV
1396,EGFR.P596L
1397,EGFR.P753L
1398,EGFR.P772_H773dup
1399,EGFR.P772_H773insTPNP
1400,EGFR.R108G
1401,EGFR.R108K
1402,EGFR.R222C
1403,EGFR.R222H
1404,EGFR.R252C
1405,EGFR.R252H
1406,EGFR.R832C
1407,EGFR.R836H
1408,EGFR.S752_I759del
1409,EGFR.S768I
1410,EGFR.S768_D770dup
1411,EGFR.T263P
1412,EGFR.T363I
1413,EGFR.T363N
1414,EGFR.T751_A755del
1415,EGFR.T751_E758del
1416,EGFR.T790M
1417,EGFR.Y764_D770dup
1418,EIF1AX.G15D
1419,EIF1AX.G15V
1420,EIF1AX.G6C
1421,EIF1AX.G6D
1422,EIF1AX.G6R
1423,EIF1AX.G6S
1424,EIF1AX.G8E
1425,EIF1AX.G8R
1426,EIF1AX.G9D
1427,EIF1AX.G9R
1428,EIF1AX.G9V
1429,EIF1AX.K10E
1430,EIF1AX.K10T
1431,EIF1AX.N4I
1432,EIF1AX.N4S
1433,EIF1AX.N4Y
1434,EIF1AX.P2L
1435,EIF1AX.P2S
1436,EIF1AX.R12G
1437,EIF1AX.R13C
1438,EIF1AX.R13G
1439,EIF1AX.R13H
1440,EIF1AX.R13L
1441,EIF1AX.R13P
1442,EIF1AX.X113_splice
1443,EIF1AX.X6_splice
1444,EP300.C1164Y
1445,EP300.D1399E
1446,EP300.D1399N
1447,EP300.D1399Y
1448,EP300.F1373L
1449,EP300.H1451Q
1450,EP300.L415P
1451,EP300.P1452L
1452,EP300.Q1455H
1453,EP300.Q1455R
1454,EP300.R1627Q
1455,EP300.R1627W
1456,EP300.W1466*
1457,EP300.W1466C
1458,EP300.W1466L
1459,EP300.W1466R
1460,EP300.X1539_splice
1461,EP300.Y1414C
1462,EP300.Y1446C
1463,EP300.Y1467C
1464,EP300.Y1467H
1465,EP300.Y1467K
1466,EP300.Y1467N
1467,EP300.Y1467S
1468,EPHA3.R136*
1469,EPHB1.D762N
1470,EPHB1.D806N
1471,EPHB1.N749K
1472,EPHB1.R743Q
1473,EPHB1.R743W
1474,EPHB1.R767C
1475,ERBB2.A293P
1476,ERBB2.A293T
1477,ERBB2.D277H
1478,ERBB2.D277V
1479,ERBB2.D277Y
1480,ERBB2.D769H
1481,ERBB2.D769Y
1482,ERBB2.G660D
1483,ERBB2.G776S
1484,ERBB2.G776V
1485,ERBB2.G778_P780dup
1486,ERBB2.I767M
1487,ERBB2.L755A
1488,ERBB2.L755P
1489,ERBB2.L755S
1490,ERBB2.L869R
1491,ERBB2.R103Q
1492,ERBB2.R678Q
1493,ERBB2.R678W
1494,ERBB2.S310F
1495,ERBB2.S310Y
1496,ERBB2.T733I
1497,ERBB2.T862A
1498,ERBB2.V659E
1499,ERBB2.V697L
1500,ERBB2.V777L
1501,ERBB2.V777M
1502,ERBB2.V842I
1503,ERBB2.Y772_A775dup
1504,ERBB3.A232T
1505,ERBB3.A232V
1506,ERBB3.D297A
1507,ERBB3.D297H
1508,ERBB3.D297V
1509,ERBB3.D297Y
1510,ERBB3.E332K
1511,ERBB3.E928G
1512,ERBB3.F219C
1513,ERBB3.F219L
1514,ERBB3.G284R
1515,ERBB3.H228Q
1516,ERBB3.H228R
1517,ERBB3.K329E
1518,ERBB3.K329T
1519,ERBB3.M60K
1520,ERBB3.M60R
1521,ERBB3.M91I
1522,ERBB3.N126I
1523,ERBB3.N126K
1524,ERBB3.R103G
1525,ERBB3.R475W
1526,ERBB3.S846I
1527,ERBB3.T355A
1528,ERBB3.T355I
1529,ERBB3.T355P
1530,ERBB3.V104L
1531,ERBB3.V104M
1532,ERBB4.F1102C
1533,ERBB4.K1002R
1534,ERBB4.K1002T
1535,ERBB4.K1223R
1536,ERBB4.K1223T
1537,ERBB4.L798P
1538,ERBB4.L798R
1539,ERBB4.S774G
1540,ERBB4.S774R
1541,ERCC2.D609E
1542,ERCC2.E606Q
1543,ERCC2.N238S
1544,ERCC2.P463L
1545,ERCC2.P463Q
1546,ERCC2.P463S
1547,ERCC2.S246F
1548,ERCC2.S246Y
1549,ERCC2.T484A
1550,ERCC2.T484M
1551,ERCC2.Y14C
1552,ERCC2.Y24C
1553,ERCC2.Y72C
1554,ESR1.D538G
1555,ESR1.E380Q
1556,ESR1.L536H
1557,ESR1.L536P
1558,ESR1.L536Q
1559,ESR1.L536R
1560,ESR1.V422del
1561,ESR1.Y537C
1562,ESR1.Y537D
1563,ESR1.Y537N
1564,ESR1.Y537S
1565,ETV6.G375R
1566,ETV6.G381E
1567,ETV6.R369L
1568,ETV6.R369Q
1569,ETV6.R369W
1570,ETV6.X11_splice
1571,EZH2.K515R
1572,EZH2.Y646C
1573,EZH2.Y646F
1574,EZH2.Y646H
1575,EZH2.Y646N
1576,FAT1.R1627*
1577,FAT1.R1627Q
1578,FBXW7.A503V
1579,FBXW7.D520G
1580,FBXW7.D520N
1581,FBXW7.D520V
1582,FBXW7.D520Y
1583,FBXW7.E287D
1584,FBXW7.E287K
1585,FBXW7.E287Q
1586,FBXW7.G423*
1587,FBXW7.G423V
1588,FBXW7.G437E
1589,FBXW7.G437V
1590,FBXW7.G517E
1591,FBXW7.R14*
1592,FBXW7.R14Q
1593,FBXW7.R224*
1594,FBXW7.R224Q
1595,FBXW7.R278*
1596,FBXW7.R367*
1597,FBXW7.R393*
1598,FBXW7.R393Q
1599,FBXW7.R441G
1600,FBXW7.R441L
1601,FBXW7.R441Q
1602,FBXW7.R441W
1603,FBXW7.R465C
1604,FBXW7.R465H
1605,FBXW7.R465L
1606,FBXW7.R465S
1607,FBXW7.R479*
1608,FBXW7.R479G
1609,FBXW7.R479L
1610,FBXW7.R479P
1611,FBXW7.R479Q
1612,FBXW7.R505C
1613,FBXW7.R505G
1614,FBXW7.R505H
1615,FBXW7.R505L
1616,FBXW7.R505P
1617,FBXW7.R505S
1618,FBXW7.R658*
1619,FBXW7.R658Q
1620,FBXW7.R689Q
1621,FBXW7.R689W
1622,FBXW7.S426L
1623,FBXW7.S546*
1624,FBXW7.S546L
1625,FBXW7.S582L
1626,FBXW7.S582P
1627,FBXW7.T385I
1628,FBXW7.T532I
1629,FBXW7.T532P
1630,FBXW7.X195_splice
1631,FBXW7.Y545C
1632,FGFR1.K687E
1633,FGFR1.K687N
1634,FGFR1.N577D
1635,FGFR1.N577K
1636,FGFR2.C382R
1637,FGFR2.C382Y
1638,FGFR2.F276I
1639,FGFR2.N549H
1640,FGFR2.N549K
1641,FGFR2.N549S
1642,FGFR2.N549T
1643,FGFR2.P253L
1644,FGFR2.P253R
1645,FGFR2.R203C
1646,FGFR2.R203H
1647,FGFR2.S252L
1648,FGFR2.S252W
1649,FGFR2.Y375C
1650,FGFR3.D280N
1651,FGFR3.G370C
1652,FGFR3.G380R
1653,FGFR3.K650E
1654,FGFR3.K650M
1655,FGFR3.K650N
1656,FGFR3.P250S
1657,FGFR3.R248C
1658,FGFR3.S249C
1659,FGFR3.S371C
1660,FGFR3.Y373C
1661,FGFR4.N535K
1662,FGFR4.V550L
1663,FGFR4.V550M
1664,FH.M336I
1665,FLT1.E1011K
1666,FOXA1.A323_P326del
1667,FOXA1.C227R
1668,FOXA1.C258_R261del
1669,FOXA1.D226G
1670,FOXA1.D226N
1671,FOXA1.D249_F254del
1672,FOXA1.E255_N256del
1673,FOXA1.F254_E255del
1674,FOXA1.F254_N256delinsY
1675,FOXA1.F266C
1676,FOXA1.F266L
1677,FOXA1.F266S
1678,FOXA1.F266V
1679,FOXA1.G251_F254del
1680,FOXA1.G251_G257del
1681,FOXA1.H247L
1682,FOXA1.H247Q
1683,FOXA1.H247R
1684,FOXA1.H247Y
1685,FOXA1.I176M
1686,FOXA1.I176V
1687,FOXA1.K264_K267del
1688,FOXA1.K264dup
1689,FOXA1.K267dup
1690,FOXA1.M253K
1691,FOXA1.M253R
1692,FOXA1.M253T
1693,FOXA1.M253_N256del
1694,FOXA1.M253_Y259del
1695,FOXA1.N252_C258del
1696,FOXA1.N252_G257del
1697,FOXA1.N252_S408del
1698,FOXA1.N397_F400del
1699,FOXA1.Q263_C268del
1700,FOXA1.Q263_D296delinsH
1701,FOXA1.Q263_G281del
1702,FOXA1.R219C
1703,FOXA1.R219S
1704,FOXA1.R261C
1705,FOXA1.R261G
1706,FOXA1.R261H
1707,FOXA1.R261S
1708,FOXA1.R265_K270del
1709,FOXA1.S242F
1710,FOXA1.S242Y
1711,FOXA1.S250F
1712,FOXA1.S250Y
1713,FOXA1.S250_F254del
1714,FOXA1.S250_Y259del
1715,FOXA1.S282_G283dup
1716,FOXA1.S409del
1717,FOXA1.V229I
1718,FOXA1.Y259C
1719,FOXA1.Y259S
1720,FOXL2.C134W
1721,FOXL2.E118K
1722,FOXL2.E118Q
1723,FOXP1.R514C
1724,FOXP1.R514H
1725,FOXP1.S448L
1726,FOXP1.X511_splice
1727,FUBP1.R430C
1728,FUBP1.R430H
1729,GATA1.R270W
1730,GATA2.C352*
1731,GATA2.C352F
1732,GATA2.C352R
1733,GATA3.M293K
1734,GATA3.M293R
1735,GATA3.R364G
1736,GATA3.R364S
1737,GATA3.R364T
1738,GATA3.R366*
1739,GATA3.R366Q
1740,GNA11.Q209L
1741,GNA11.Q209P
1742,GNA11.R183C
1743,GNA11.R183H
1744,GNAQ.G48L
1745,GNAQ.Q209H
1746,GNAQ.Q209L
1747,GNAQ.Q209P
1748,GNAQ.R183*
1749,GNAQ.R183Q
1750,GNAS.Q227H
1751,GNAS.Q227K
1752,GNAS.Q227L
1753,GNAS.R160C
1754,GNAS.R160H
1755,GNAS.R160P
1756,GNAS.R201C
1757,GNAS.R201H
1758,GNAS.R201L
1759,GNAS.R201S
1760,GSK3B.X239_splice
1761,HGF.G229D
1762,HIST1H1C.E115K
1763,HIST1H1C.K23del
1764,HIST1H2BD.D52N
1765,HIST1H2BD.E3K
1766,HIST1H2BD.E3Q
1767,HIST1H2BD.P9L
1768,HIST1H2BD.S37R
1769,HIST1H2BD.V45L
1770,HIST1H3B.E106K
1771,HIST1H3B.E106Q
1772,HIST1H3B.E51D
1773,HIST1H3B.E51K
1774,HIST1H3B.E51Q
1775,HIST1H3B.K28M
1776,HNF1A.G338A
1777,HNF1A.I27L
1778,HNF1A.R114C
1779,HNF1A.R114H
1780,HRAS.A59T
1781,HRAS.G12C
1782,HRAS.G12D
1783,HRAS.G12N
1784,HRAS.G12S
1785,HRAS.G12V
1786,HRAS.G13C
1787,HRAS.G13D
1788,HRAS.G13N
1789,HRAS.G13R
1790,HRAS.G13S
1791,HRAS.G13V
1792,HRAS.K117N
1793,HRAS.Q61H
1794,HRAS.Q61K
1795,HRAS.Q61L
1796,HRAS.Q61R
1797,IDH1.R132C
1798,IDH1.R132G
1799,IDH1.R132H
1800,IDH1.R132I
1801,IDH1.R132L
1802,IDH1.R132S
1803,IDH2.R140L
1804,IDH2.R140Q
1805,IDH2.R140W
1806,IDH2.R172G
1807,IDH2.R172K
1808,IDH2.R172M
1809,IDH2.R172S
1810,IDH2.R172T
1811,IDH2.R172W
1812,IKZF1.E304K
1813,IL7R.I241F
1814,IL7R.I241M
1815,IL7R.I241V
1816,IL7R.K395M
1817,IL7R.K395N
1818,IL7R.K395R
1819,IL7R.K395T
1820,IL7R.R206*
1821,IL7R.R206Q
1822,INPP4A.N831H
1823,INPP4A.R829Q
1824,INPP4A.R829W
1825,IRF4.C99R
1826,IRF4.Y428*
1827,JAK1.L910P
1828,JAK1.L910S
1829,JUN.E112K
1830,JUN.E112Q
1831,KDM5C.E158K
1832,KDM5C.F92L
1833,KDM5C.R159H
1834,KDM6A.G526E
1835,KDM6A.G526V
1836,KDM6A.Q1003*
1837,KDM6A.Q1003P
1838,KDM6A.Q555*
1839,KDM6A.X1246_splice
1840,KDM6A.X1293_splice
1841,KDM6A.X129_splice
1842,KDM6A.X1336_splice
1843,KDM6A.X76_splice
1844,KDR.A163E
1845,KDR.E1097K
1846,KDR.K168N
1847,KDR.M197I
1848,KDR.R1032*
1849,KDR.R1032Q
1850,KDR.S1037L
1851,KDR.S1100F
1852,KDR.W1096R
1853,KEAP1.D165N
1854,KEAP1.G333C
1855,KEAP1.G333F
1856,KEAP1.G333S
1857,KEAP1.G364C
1858,KEAP1.G417E
1859,KEAP1.G417R
1860,KEAP1.G417V
1861,KEAP1.G417W
1862,KEAP1.G429S
1863,KEAP1.G429V
1864,KEAP1.G430V
1865,KEAP1.G476V
1866,KEAP1.G477S
1867,KEAP1.G480V
1868,KEAP1.G480W
1869,KEAP1.G509V
1870,KEAP1.G509W
1871,KEAP1.M110I
1872,KEAP1.M110V
1873,KEAP1.M550I
1874,KEAP1.R260*
1875,KEAP1.R260L
1876,KEAP1.R260Q
1877,KEAP1.R272C
1878,KEAP1.R272H
1879,KEAP1.R272L
1880,KEAP1.R272P
1881,KEAP1.R320L
1882,KEAP1.R320P
1883,KEAP1.R320Q
1884,KEAP1.R320W
1885,KEAP1.R415C
1886,KEAP1.R415H
1887,KEAP1.R459Q
1888,KEAP1.R460G
1889,KEAP1.R470C
1890,KEAP1.R470H
1891,KEAP1.R470S
1892,KEAP1.R601L
1893,KEAP1.R601W
1894,KEAP1.V155F
1895,KEAP1.V167F
1896,KIT.A502_Y503dup
1897,KIT.D579del
1898,KIT.D816A
1899,KIT.D816H
1900,KIT.D816V
1901,KIT.D816Y
1902,KIT.D820A
1903,KIT.D820E
1904,KIT.D820G
1905,KIT.D820V
1906,KIT.D820Y
1907,KIT.K550_P551del
1908,KIT.K558_V560del
1909,KIT.K558_V560delinsN
1910,KIT.K642E
1911,KIT.K642Q
1912,KIT.L576P
1913,KIT.L576_H580dup
1914,KIT.L576del
1915,KIT.M552_E554delinsI
1916,KIT.M552_V555del
1917,KIT.M552_V555delinsI
1918,KIT.M552_W557del
1919,KIT.M552_Y570del
1920,KIT.N566_P573del
1921,KIT.N822I
1922,KIT.N822K
1923,KIT.N822Y
1924,KIT.P551_M552delinsL
1925,KIT.P551_V555del
1926,KIT.P551_Y553delinsH
1927,KIT.P573Q
1928,KIT.Q556_D572del
1929,KIT.Q556_V560delinsH
1930,KIT.Q575del
1931,KIT.R888Q
1932,KIT.R888W
1933,KIT.T574_H580dup
1934,KIT.V559A
1935,KIT.V559D
1936,KIT.V559G
1937,KIT.V559_E561del
1938,KIT.V559_G565del
1939,KIT.V559_N566delinsD
1940,KIT.V559_P573del
1941,KIT.V560D
1942,KIT.V560G
1943,KIT.V560del
1944,KIT.V654A
1945,KIT.W557G
1946,KIT.W557R
1947,KIT.W557S
1948,KIT.W557_E561del
1949,KIT.W557_K558del
1950,KIT.W557_V559delinsF
1951,KIT.Y553_E554del
1952,KIT.Y570_L576del
1953,KIT.Y578_D579insEQQLPY
1954,KIT.Y823C
1955,KIT.Y823D
1956,KLF4.K409N
1957,KLF4.K409Q
1958,KMT2A.R1264*
1959,KMT2C.R4549C
1960,KMT2C.R4549H
1961,KMT2C.R4549S
1962,KMT2C.R56*
1963,KMT2C.R56Q
1964,KMT2D.R1903*
1965,KMT2D.R2685*
1966,KMT2D.R5179C
1967,KMT2D.R5179H
1968,KMT2D.R5179L
1969,KMT2D.R5179P
1970,KMT2D.R5432Q
1971,KMT2D.R5432W
1972,KRAS.A146P
1973,KRAS.A146T
1974,KRAS.A146V
1975,KRAS.A59E
1976,KRAS.A59G
1977,KRAS.A59T
1978,KRAS.D33E
1979,KRAS.E63K
1980,KRAS.G12A
1981,KRAS.G12C
1982,KRAS.G12D
1983,KRAS.G12F
1984,KRAS.G12I
1985,KRAS.G12L
1986,KRAS.G12R
1987,KRAS.G12S
1988,KRAS.G12V
1989,KRAS.G13A
1990,KRAS.G13C
1991,KRAS.G13D
1992,KRAS.G13E
1993,KRAS.G13R
1994,KRAS.G13V
1995,KRAS.G60D
1996,KRAS.G60S
1997,KRAS.G60V
1998,KRAS.I36M
1999,KRAS.K117N
2000,KRAS.K117R
2001,KRAS.K5E
2002,KRAS.L19F
2003,KRAS.Q22H
2004,KRAS.Q22K
2005,KRAS.Q61A
2006,KRAS.Q61E
2007,KRAS.Q61H
2008,KRAS.Q61K
2009,KRAS.Q61L
2010,KRAS.Q61P
2011,KRAS.Q61R
2012,KRAS.R68S
2013,LATS2.P479_A480dup
2014,MAP2K1.A132V
2015,MAP2K1.A52V
2016,MAP2K1.C121S
2017,MAP2K1.E102_I103del
2018,MAP2K1.E203K
2019,MAP2K1.F53C
2020,MAP2K1.F53I
2021,MAP2K1.F53L
2022,MAP2K1.F53V
2023,MAP2K1.G128D
2024,MAP2K1.G128V
2025,MAP2K1.I103_K104del
2026,MAP2K1.I99_K104del
2027,MAP2K1.K57E
2028,MAP2K1.K57N
2029,MAP2K1.K57T
2030,MAP2K1.N122D
2031,MAP2K1.P105_A106del
2032,MAP2K1.P105_I107delinsL
2033,MAP2K1.P124L
2034,MAP2K1.P124M
2035,MAP2K1.P124Q
2036,MAP2K1.P124R
2037,MAP2K1.P124S
2038,MAP2K1.Q56P
2039,MAP2K1.R49H
2040,MAP2K1.Y130C
2041,MAP2K1.Y130H
2042,MAP2K1.Y130N
2043,MAP2K2.F57L
2044,MAP2K2.F57V
2045,MAP2K4.R110*
2046,MAP2K4.R110L
2047,MAP2K4.R110Q
2048,MAP2K4.R134L
2049,MAP2K4.R134Q
2050,MAP2K4.R134W
2051,MAP2K4.S184L
2052,MAP2K4.S184W
2053,MAP2K4.X297_splice
2054,MAP2K4.X347_splice
2055,MAP3K13.X502_splice
2056,MAP3K1.L380S
2057,MAP3K1.S1330L
2058,MAP3K1.S1330W
2059,MAPK1.D321N
2060,MAPK1.E322A
2061,MAPK1.E322K
2062,MAPK1.E81K
2063,MAPK1.R135K
2064,MAX.H28R
2065,MAX.R60Q
2066,MAX.R60W
2067,MDC1.I1020_R1028del
2068,MDC1.K1025del
2069,MED12.G44A
2070,MED12.G44C
2071,MED12.G44D
2072,MED12.G44S
2073,MED12.G44V
2074,MED12.K42_N46del
2075,MED12.L1224F
2076,MED12.L1224V
2077,MED12.N46_S52del
2078,MED12.P49_E55del
2079,MED12.V41_S52del
2080,MET.D1010H
2081,MET.D1010N
2082,MET.D1010Y
2083,MET.H1094R
2084,MET.H1094Y
2085,MET.M1250T
2086,MET.V1070A
2087,MET.X1010_splice
2088,MET.Y1003C
2089,MET.Y1003F
2090,MET.Y1230C
2091,MET.Y1230H
2092,MET.Y1230S
2093,MSH2.E580*
2094,MTOR.A1459D
2095,MTOR.A1459P
2096,MTOR.A1459V
2097,MTOR.A1459_D1468del
2098,MTOR.A1971P
2099,MTOR.A1971T
2100,MTOR.C1483F
2101,MTOR.C1483R
2102,MTOR.C1483W
2103,MTOR.C1483Y
2104,MTOR.E1455_D1458dup
2105,MTOR.E1799K
2106,MTOR.F1888I
2107,MTOR.F1888L
2108,MTOR.I1973F
2109,MTOR.I2500F
2110,MTOR.I2500M
2111,MTOR.I2500N
2112,MTOR.K1465N
2113,MTOR.L1460P
2114,MTOR.L2427Q
2115,MTOR.L2427R
2116,MTOR.M1998I
2117,MTOR.M2327I
2118,MTOR.M2327V
2119,MTOR.S2215F
2120,MTOR.S2215T
2121,MTOR.S2215Y
2122,MTOR.T1977I
2123,MTOR.T1977K
2124,MTOR.T1977R
2125,MTOR.V2006F
2126,MTOR.V2006I
2127,MTOR.V2006L
2128,MTOR.W1456_L1460delinsC
2129,MTOR.Y1450_W1456del
2130,MYCN.P44F
2131,MYCN.P44L
2132,MYC.P74L
2133,MYC.P74Q
2134,MYC.P74R
2135,MYC.P74S
2136,MYC.P74T
2137,MYC.S161L
2138,MYC.S298del
2139,MYC.T73I
2140,MYD88.L265P
2141,MYD88.M232T
2142,MYD88.S243N
2143,MYOD1.L122R
2144,NF1.R1241*
2145,NF1.R1870Q
2146,NF1.R1870W
2147,NF1.R2450*
2148,NF1.R2450Q
2149,NF1.R440*
2150,NF1.R440Q
2151,NF1.R461*
2152,NF1.R461Q
2153,NFE2L2.D21_I22delinsE
2154,NFE2L2.D27del
2155,NFE2L2.D29G
2156,NFE2L2.D29H
2157,NFE2L2.D29N
2158,NFE2L2.D29Y
2159,NFE2L2.D77G
2160,NFE2L2.D77H
2161,NFE2L2.D77V
2162,NFE2L2.D77Y
2163,NFE2L2.E79D
2164,NFE2L2.E79K
2165,NFE2L2.E79Q
2166,NFE2L2.E79V
2167,NFE2L2.E79del
2168,NFE2L2.E82A
2169,NFE2L2.E82D
2170,NFE2L2.E82G
2171,NFE2L2.E82Q
2172,NFE2L2.G31A
2173,NFE2L2.G31E
2174,NFE2L2.G31R
2175,NFE2L2.G31V
2176,NFE2L2.G31del
2177,NFE2L2.G81A
2178,NFE2L2.G81C
2179,NFE2L2.G81D
2180,NFE2L2.G81R
2181,NFE2L2.G81S
2182,NFE2L2.G81V
2183,NFE2L2.I22_D29del
2184,NFE2L2.I28T
2185,NFE2L2.I28dup
2186,NFE2L2.L30F
2187,NFE2L2.L30P
2188,NFE2L2.L74_Q87del
2189,NFE2L2.L76_E82del
2190,NFE2L2.Q26H
2191,NFE2L2.Q26K
2192,NFE2L2.Q26R
2193,NFE2L2.Q73_T80del
2194,NFE2L2.R34*
2195,NFE2L2.R34G
2196,NFE2L2.R34L
2197,NFE2L2.R34P
2198,NFE2L2.R34Q
2199,NFE2L2.R34_S40del
2200,NFE2L2.S33_R34del
2201,NFE2L2.T80A
2202,NFE2L2.T80I
2203,NFE2L2.T80K
2204,NFE2L2.T80R
2205,NFE2L2.W24C
2206,NFE2L2.W24R
2207,NFE2L2.W24S
2208,NOTCH1.A2023T
2209,NOTCH1.A465T
2210,NOTCH1.C359del
2211,NOTCH1.C440F
2212,NOTCH1.C440W
2213,NOTCH1.C456Y
2214,NOTCH1.C467F
2215,NOTCH1.D338del
2216,NOTCH1.D469Y
2217,NOTCH1.E455K
2218,NOTCH1.F357del
2219,NOTCH1.G310E
2220,NOTCH1.G310R
2221,NOTCH1.I471T
2222,NOTCH1.P460L
2223,NOTCH1.P460S
2224,NOTCH1.R365C
2225,NOTCH1.S356del
2226,NOTCH1.Y358del
2227,NOTCH2.R2400*
2228,NRAS.G12A
2229,NRAS.G12C
2230,NRAS.G12D
2231,NRAS.G12R
2232,NRAS.G12S
2233,NRAS.G12V
2234,NRAS.G13C
2235,NRAS.G13D
2236,NRAS.G13F
2237,NRAS.G13R
2238,NRAS.G13S
2239,NRAS.G13V
2240,NRAS.G60E
2241,NRAS.G60V
2242,NRAS.Q61H
2243,NRAS.Q61K
2244,NRAS.Q61L
2245,NRAS.Q61P
2246,NRAS.Q61R
2247,NSD1.C1710*
2248,NSD1.E1970D
2249,NSD1.R2039H
2250,NSD1.T2029A
2251,PAK7.M173I
2252,PARP1.A278V
2253,PARP1.R78W
2254,PAX5.V26G
2255,PBRM1.R1160*
2256,PBRM1.R1160Q
2257,PBRM1.R710*
2258,PBRM1.R710G
2259,PBRM1.R921*
2260,PBRM1.X856_splice
2261,PDGFRA.C235S
2262,PDGFRA.C235Y
2263,PDGFRA.D842I
2264,PDGFRA.D842V
2265,PDGFRA.E229K
2266,PDGFRA.N659K
2267,PDGFRA.N659S
2268,PDGFRA.N659Y
2269,PDPK1.P499L
2270,PIK3CA.C378F
2271,PIK3CA.C378R
2272,PIK3CA.C378Y
2273,PIK3CA.C420R
2274,PIK3CA.C604R
2275,PIK3CA.C901F
2276,PIK3CA.C90G
2277,PIK3CA.C90R
2278,PIK3CA.C90Y
2279,PIK3CA.D350G
2280,PIK3CA.D350N
2281,PIK3CA.D350V
2282,PIK3CA.D939G
2283,PIK3CA.E110_K111dup
2284,PIK3CA.E110del
2285,PIK3CA.E365K
2286,PIK3CA.E39K
2287,PIK3CA.E453K
2288,PIK3CA.E453Q
2289,PIK3CA.E453_D454del
2290,PIK3CA.E453_P466del
2291,PIK3CA.E453_T462del
2292,PIK3CA.E453del
2293,PIK3CA.E542A
2294,PIK3CA.E542G
2295,PIK3CA.E542K
2296,PIK3CA.E542Q
2297,PIK3CA.E542V
2298,PIK3CA.E545A
2299,PIK3CA.E545D
2300,PIK3CA.E545G
2301,PIK3CA.E545K
2302,PIK3CA.E545Q
2303,PIK3CA.E726A
2304,PIK3CA.E726K
2305,PIK3CA.E81*
2306,PIK3CA.E81K
2307,PIK3CA.E970K
2308,PIK3CA.G1007D
2309,PIK3CA.G1007R
2310,PIK3CA.G1049A
2311,PIK3CA.G1049R
2312,PIK3CA.G106C
2313,PIK3CA.G106R
2314,PIK3CA.G106V
2315,PIK3CA.G106_R108del
2316,PIK3CA.G118D
2317,PIK3CA.G364A
2318,PIK3CA.G364R
2319,PIK3CA.H1047L
2320,PIK3CA.H1047Q
2321,PIK3CA.H1047R
2322,PIK3CA.H1047Y
2323,PIK3CA.H1065L
2324,PIK3CA.H1065Y
2325,PIK3CA.H419_C420del
2326,PIK3CA.H419_L422del
2327,PIK3CA.H450_L455del
2328,PIK3CA.I102_E103delinsK
2329,PIK3CA.I112_L113del
2330,PIK3CA.K111E
2331,PIK3CA.K111N
2332,PIK3CA.K111Q
2333,PIK3CA.K111_I112del
2334,PIK3CA.K111del
2335,PIK3CA.L113del
2336,PIK3CA.L436_P449dup
2337,PIK3CA.L452_G460del
2338,PIK3CA.L452_P458del
2339,PIK3CA.M1004I
2340,PIK3CA.M1004V
2341,PIK3CA.M1043I
2342,PIK3CA.M1043L
2343,PIK3CA.M1043T
2344,PIK3CA.M1043V
2345,PIK3CA.N1044K
2346,PIK3CA.N1044Y
2347,PIK3CA.N107I
2348,PIK3CA.N107S
2349,PIK3CA.N114del
2350,PIK3CA.N345D
2351,PIK3CA.N345H
2352,PIK3CA.N345I
2353,PIK3CA.N345K
2354,PIK3CA.N345T
2355,PIK3CA.N345Y
2356,PIK3CA.P104L
2357,PIK3CA.P104R
2358,PIK3CA.P104_V105del
2359,PIK3CA.P447_L455del
2360,PIK3CA.P449_L452del
2361,PIK3CA.P449_L456del
2362,PIK3CA.P471A
2363,PIK3CA.P471L
2364,PIK3CA.P539R
2365,PIK3CA.Q546E
2366,PIK3CA.Q546H
2367,PIK3CA.Q546K
2368,PIK3CA.Q546L
2369,PIK3CA.Q546P
2370,PIK3CA.Q546R
2371,PIK3CA.R108H
2372,PIK3CA.R108L
2373,PIK3CA.R108S
2374,PIK3CA.R108del
2375,PIK3CA.R115L
2376,PIK3CA.R115P
2377,PIK3CA.R115Q
2378,PIK3CA.R357*
2379,PIK3CA.R357L
2380,PIK3CA.R357Q
2381,PIK3CA.R38C
2382,PIK3CA.R38H
2383,PIK3CA.R38S
2384,PIK3CA.R88Q
2385,PIK3CA.R93L
2386,PIK3CA.R93Q
2387,PIK3CA.R93W
2388,PIK3CA.T1025A
2389,PIK3CA.T1025S
2390,PIK3CA.T1052K
2391,PIK3CA.V344A
2392,PIK3CA.V344G
2393,PIK3CA.V344M
2394,PIK3CA.W11_P18del
2395,PIK3CA.Y1021C
2396,PIK3CA.Y1021H
2397,PIK3CB.D1067A
2398,PIK3CB.D1067H
2399,PIK3CB.D1067V
2400,PIK3CB.D1067Y
2401,PIK3CB.E1051G
2402,PIK3CB.E1051K
2403,PIK3CB.R321Q
2404,PIK3CD.C416R
2405,PIK3CD.E1021K
2406,PIK3CD.R894Q
2407,PIK3R1.D440_E451del
2408,PIK3R1.D440_K448del
2409,PIK3R1.D440del
2410,PIK3R1.D464_E468dup
2411,PIK3R1.D464_Y467del
2412,PIK3R1.D464_Y470dup
2413,PIK3R1.D560G
2414,PIK3R1.D560H
2415,PIK3R1.D560Y
2416,PIK3R1.D569G
2417,PIK3R1.D569_L581delinsE
2418,PIK3R1.D569dup
2419,PIK3R1.D578_M582delinsE
2420,PIK3R1.E403_L404delinsV
2421,PIK3R1.E439del
2422,PIK3R1.E451_Y452del
2423,PIK3R1.E451del
2424,PIK3R1.E458_K459del
2425,PIK3R1.E458_Y463dup
2426,PIK3R1.E458del
2427,PIK3R1.E462_R465del
2428,PIK3R1.E462_Y463delinsD
2429,PIK3R1.E468_E469insGEYDRLYE
2430,PIK3R1.E558_K561del
2431,PIK3R1.E558_R562del
2432,PIK3R1.F456_K459del
2433,PIK3R1.F456_Q457del
2434,PIK3R1.G376R
2435,PIK3R1.G446_L449delinsV
2436,PIK3R1.H450_E451del
2437,PIK3R1.H450_E451dup
2438,PIK3R1.H450_E451insD
2439,PIK3R1.H450_K459del
2440,PIK3R1.H450_Q455dup
2441,PIK3R1.I405_L420del
2442,PIK3R1.I405del
2443,PIK3R1.I442_N453del
2444,PIK3R1.I566_P568delinsT
2445,PIK3R1.I571_K575del
2446,PIK3R1.I571_L581del
2447,PIK3R1.I571_R574del
2448,PIK3R1.K379E
2449,PIK3R1.K379N
2450,PIK3R1.K448_N453del
2451,PIK3R1.K448_Y452del
2452,PIK3R1.K459del
2453,PIK3R1.K567E
2454,PIK3R1.K567_I571del
2455,PIK3R1.K567_L570del
2456,PIK3R1.K567del
2457,PIK3R1.K575_L581delinsM
2458,PIK3R1.K575_R577del
2459,PIK3R1.K575_R577dup
2460,PIK3R1.K575_T576del
2461,PIK3R1.L380del
2462,PIK3R1.L449_H450insQ
2463,PIK3R1.L449_K459del
2464,PIK3R1.L449del
2465,PIK3R1.L466_E469del
2466,PIK3R1.L466del
2467,PIK3R1.L570P
2468,PIK3R1.L570_D578del
2469,PIK3R1.L573P
2470,PIK3R1.L573_K575del
2471,PIK3R1.N378del
2472,PIK3R1.N441_T454del
2473,PIK3R1.N453_D464dup
2474,PIK3R1.N453_Q455delinsK
2475,PIK3R1.N453_Q457del
2476,PIK3R1.N453_Y463del
2477,PIK3R1.N453del
2478,PIK3R1.N564D
2479,PIK3R1.P568_L573del
2480,PIK3R1.Q455_S460dup
2481,PIK3R1.Q457_S460del
2482,PIK3R1.R348*
2483,PIK3R1.R461_E462delinsQ
2484,PIK3R1.R574I
2485,PIK3R1.R574T
2486,PIK3R1.R574del
2487,PIK3R1.R577_D578del
2488,PIK3R1.R577_L581del
2489,PIK3R1.R577del
2490,PIK3R1.S565N
2491,PIK3R1.S565R
2492,PIK3R1.T576M
2493,PIK3R1.T576del
2494,PIK3R1.V401_H407del
2495,PIK3R1.V402_L413del
2496,PIK3R1.X434_splice
2497,PIK3R1.X475_splice
2498,PIK3R1.X582_splice
2499,PIK3R1.Y452H
2500,PIK3R1.Y452_N453insF
2501,PIK3R1.Y452_Q457del
2502,PIK3R1.Y452dup
2503,PIK3R1.Y463_E468dup
2504,PIK3R1.Y580C
2505,PIK3R1.Y580D
2506,PIK3R2.D557G
2507,PIK3R2.D557H
2508,PIK3R2.D557N
2509,PIK3R2.D557Y
2510,PIK3R2.G373R
2511,PIM1.G28D
2512,PIM1.Q37H
2513,PIM1.S97N
2514,PIM1.S97R
2515,PLK2.M99I
2516,POLE.E18K
2517,POLE.P286H
2518,POLE.P286R
2519,POLE.V411L
2520,PPP2R1A.E297D
2521,PPP2R1A.E297K
2522,PPP2R1A.P179L
2523,PPP2R1A.P179R
2524,PPP2R1A.R105Q
2525,PPP2R1A.R144C
2526,PPP2R1A.R144H
2527,PPP2R1A.R182W
2528,PPP2R1A.R183Q
2529,PPP2R1A.R183W
2530,PPP2R1A.R221W
2531,PPP2R1A.R258C
2532,PPP2R1A.R258H
2533,PPP2R1A.S143F
2534,PPP2R1A.S146L
2535,PPP2R1A.S219L
2536,PPP2R1A.S256F
2537,PPP2R1A.S256Y
2538,PPP2R1A.V220M
2539,PPP2R1A.W257C
2540,PTEN.A121T
2541,PTEN.A126D
2542,PTEN.A126G
2543,PTEN.A126S
2544,PTEN.A126V
2545,PTEN.A34V
2546,PTEN.C105S
2547,PTEN.C105W
2548,PTEN.C105Y
2549,PTEN.C124G
2550,PTEN.C124S
2551,PTEN.C124Y
2552,PTEN.C136*
2553,PTEN.C136R
2554,PTEN.C71F
2555,PTEN.C71Y
2556,PTEN.D24E
2557,PTEN.D24G
2558,PTEN.D24H
2559,PTEN.D24V
2560,PTEN.D92E
2561,PTEN.D92G
2562,PTEN.D92H
2563,PTEN.D92N
2564,PTEN.D92V
2565,PTEN.D92Y
2566,PTEN.G127*
2567,PTEN.G127E
2568,PTEN.G127R
2569,PTEN.G127V
2570,PTEN.G129*
2571,PTEN.G129E
2572,PTEN.G129R
2573,PTEN.G129V
2574,PTEN.G132A
2575,PTEN.G132D
2576,PTEN.G132S
2577,PTEN.G132V
2578,PTEN.G165*
2579,PTEN.G165E
2580,PTEN.G165R
2581,PTEN.G251A
2582,PTEN.G251D
2583,PTEN.G251V
2584,PTEN.G36E
2585,PTEN.G36R
2586,PTEN.H123L
2587,PTEN.H123Y
2588,PTEN.H61N
2589,PTEN.H61R
2590,PTEN.H93L
2591,PTEN.H93R
2592,PTEN.H93Y
2593,PTEN.I101T
2594,PTEN.I135K
2595,PTEN.I28M
2596,PTEN.I28S
2597,PTEN.I33S
2598,PTEN.I67K
2599,PTEN.I67T
2600,PTEN.I67V
2601,PTEN.K125N
2602,PTEN.K125T
2603,PTEN.K128N
2604,PTEN.L140*
2605,PTEN.L140F
2606,PTEN.L146*
2607,PTEN.L152P
2608,PTEN.L247*
2609,PTEN.L25F
2610,PTEN.L25V
2611,PTEN.L320*
2612,PTEN.L320S
2613,PTEN.L70H
2614,PTEN.M134I
2615,PTEN.M35I
2616,PTEN.M35L
2617,PTEN.M35V
2618,PTEN.N48K
2619,PTEN.P38F
2620,PTEN.P38L
2621,PTEN.P38S
2622,PTEN.P95L
2623,PTEN.P96T
2624,PTEN.Q171*
2625,PTEN.Q171K
2626,PTEN.Q171R
2627,PTEN.R130*
2628,PTEN.R130G
2629,PTEN.R130L
2630,PTEN.R130P
2631,PTEN.R130Q
2632,PTEN.R130S
2633,PTEN.R159K
2634,PTEN.R159S
2635,PTEN.R173C
2636,PTEN.R173H
2637,PTEN.R173P
2638,PTEN.R233*
2639,PTEN.R233Q
2640,PTEN.R335*
2641,PTEN.S170I
2642,PTEN.S170N
2643,PTEN.T277*
2644,PTEN.T277A
2645,PTEN.T277I
2646,PTEN.T277N
2647,PTEN.V175A
2648,PTEN.V175E
2649,PTEN.W111*
2650,PTEN.W111R
2651,PTEN.W111S
2652,PTEN.W274*
2653,PTEN.X212_splice
2654,PTEN.X267_splice
2655,PTEN.X268_splice
2656,PTEN.X342_splice
2657,PTEN.X343_splice
2658,PTEN.X70_splice
2659,PTEN.X85_splice
2660,PTEN.Y138C
2661,PTEN.Y155C
2662,PTEN.Y155H
2663,PTEN.Y16*
2664,PTEN.Y16D
2665,PTEN.Y174*
2666,PTEN.Y174D
2667,PTEN.Y174H
2668,PTEN.Y177*
2669,PTEN.Y177D
2670,PTEN.Y178*
2671,PTEN.Y178C
2672,PTEN.Y178H
2673,PTEN.Y27*
2674,PTEN.Y27C
2675,PTEN.Y27D
2676,PTEN.Y27H
2677,PTEN.Y27N
2678,PTEN.Y336*
2679,PTEN.Y346*
2680,PTEN.Y346C
2681,PTEN.Y346D
2682,PTEN.Y65*
2683,PTEN.Y68*
2684,PTEN.Y68C
2685,PTEN.Y68H
2686,PTEN.Y68N
2687,PTPN11.A461G
2688,PTPN11.A461T
2689,PTPN11.A72D
2690,PTPN11.A72G
2691,PTPN11.A72S
2692,PTPN11.A72T
2693,PTPN11.A72V
2694,PTPN11.D61N
2695,PTPN11.D61Y
2696,PTPN11.E69D
2697,PTPN11.E69K
2698,PTPN11.E76G
2699,PTPN11.E76K
2700,PTPN11.E76Q
2701,PTPN11.F285S
2702,PTPN11.F285V
2703,PTPN11.F71L
2704,PTPN11.G503V
2705,PTPN11.G60V
2706,PTPN11.L262F
2707,PTPN11.N308D
2708,PTPN11.N308S
2709,PTPN11.P33S
2710,PTPN11.Q506P
2711,PTPN11.Q510H
2712,PTPN11.Q510L
2713,PTPN11.R512Q
2714,PTPN11.S502L
2715,PTPN11.S502P
2716,PTPN11.T468M
2717,PTPN11.T507K
2718,PTPRD.A1716T
2719,PTPRD.A494S
2720,PTPRD.D500N
2721,PTPRD.G1719W
2722,PTPRD.H1843Y
2723,PTPRD.L1675I
2724,PTPRD.P421S
2725,PTPRD.Q1718H
2726,PTPRD.R1674C
2727,PTPRD.S431L
2728,PTPRS.R1492Q
2729,PTPRS.R1492W
2730,PTPRT.E548K
2731,PTPRT.L695F
2732,PTPRT.R364*
2733,PTPRT.R364Q
2734,RAC1.A178V
2735,RAC1.C18F
2736,RAC1.C18S
2737,RAC1.C18Y
2738,RAC1.G12R
2739,RAC1.G12V
2740,RAC1.N111I
2741,RAC1.N111K
2742,RAC1.N111S
2743,RAC1.P29F
2744,RAC1.P29L
2745,RAC1.P29S
2746,RAC1.P29T
2747,RAC1.P34R
2748,RAC1.Q61K
2749,RAC1.Q61R
2750,RAD50.D69N
2751,RAD50.D69Y
2752,RAD51C.P21A
2753,RAD51C.P21S
2754,RAD51C.P21T
2755,RAD52.R396H
2756,RAF1.S257L
2757,RAF1.S259C
2758,RAF1.S259F
2759,RAF1.S259P
2760,RB1.F755I
2761,RB1.G449E
2762,RB1.G449R
2763,RB1.G449V
2764,RB1.L491P
2765,RB1.Q444H
2766,RB1.Q444L
2767,RB1.Q702K
2768,RB1.R251*
2769,RB1.R251Q
2770,RB1.R320*
2771,RB1.R445*
2772,RB1.R451C
2773,RB1.R455*
2774,RB1.R467*
2775,RB1.R552*
2776,RB1.R579*
2777,RB1.R787*
2778,RB1.S758L
2779,RB1.X127_splice
2780,RB1.X203_splice
2781,RB1.X405_splice
2782,RB1.X406_splice
2783,RB1.X445_splice
2784,RB1.X463_splice
2785,RB1.X46_splice
2786,RB1.X474_splice
2787,RB1.X500_splice
2788,RB1.X605_splice
2789,RB1.X654_splice
2790,RB1.X702_splice
2791,RB1.X776_splice
2792,RB1.X830_splice
2793,RB1.X89_splice
2794,RB1.Y606*
2795,RB1.Y606C
2796,RBM10.R153*
2797,RBM10.R153G
2798,RBM10.X91_splice
2799,RET.M918T
2800,RHOA.A161T
2801,RHOA.A161V
2802,RHOA.A61V
2803,RHOA.D59G
2804,RHOA.D59N
2805,RHOA.E40D
2806,RHOA.E40K
2807,RHOA.E40Q
2808,RHOA.E40V
2809,RHOA.E47K
2810,RHOA.G17A
2811,RHOA.G17E
2812,RHOA.G17V
2813,RHOA.G62E
2814,RHOA.G62R
2815,RHOA.G62V
2816,RHOA.L22P
2817,RHOA.L22R
2818,RHOA.L57V
2819,RHOA.L69M
2820,RHOA.L69P
2821,RHOA.L69R
2822,RHOA.N41K
2823,RHOA.Q63K
2824,RHOA.R5L
2825,RHOA.R5Q
2826,RHOA.R5W
2827,RHOA.R70S
2828,RHOA.T37I
2829,RHOA.Y34C
2830,RHOA.Y34F
2831,RHOA.Y42C
2832,RHOA.Y42F
2833,RHOA.Y42S
2834,RHOA.Y66N
2835,RICTOR.S1101L
2836,RIT1.A77S
2837,RIT1.A77T
2838,RIT1.F82C
2839,RIT1.F82L
2840,RIT1.M90I
2841,RNF43.R132*
2842,RNF43.R145*
2843,RNF43.R371*
2844,RPS6KA4.R629C
2845,RPS6KA4.R629H
2846,RPS6KA4.S236L
2847,RPTOR.R139H
2848,RUNX1.R162G
2849,RUNX1.R201*
2850,RUNX1.R201Q
2851,SDHAF2.S10*
2852,SDHAF2.S10L
2853,SDHA.S445L
2854,SDHA.V644L
2855,SDHA.V644M
2856,SETD2.H1603Y
2857,SETD2.H1629Y
2858,SETD2.R1523C
2859,SETD2.R1523H
2860,SETD2.R1625C
2861,SETD2.R1625H
2862,SETD2.R1625L
2863,SETD2.R1625S
2864,SETD2.S1624C
2865,SETD2.W1640C
2866,SETD2.X1572_splice
2867,SETD2.Y1666C
2868,SF3B1.D894G
2869,SF3B1.D894N
2870,SF3B1.D894Y
2871,SF3B1.E902G
2872,SF3B1.E902K
2873,SF3B1.E902Q
2874,SF3B1.G740E
2875,SF3B1.G740V
2876,SF3B1.G742D
2877,SF3B1.K666E
2878,SF3B1.K666M
2879,SF3B1.K666N
2880,SF3B1.K666T
2881,SF3B1.K700E
2882,SF3B1.K741*
2883,SF3B1.K741E
2884,SF3B1.K741N
2885,SF3B1.K741T
2886,SF3B1.N626D
2887,SF3B1.R625C
2888,SF3B1.R625G
2889,SF3B1.R625H
2890,SF3B1.R625L
2891,SF3B1.V701F
2892,SF3B1.Y623C
2893,SF3B1.Y623H
2894,SMAD2.C463*
2895,SMAD2.C463F
2896,SMAD2.P305L
2897,SMAD2.P305T
2898,SMAD2.R182*
2899,SMAD2.R321*
2900,SMAD2.R321Q
2901,SMAD2.S464*
2902,SMAD2.T303R
2903,SMAD3.E239K
2904,SMAD3.R243C
2905,SMAD3.R268C
2906,SMAD3.R268H
2907,SMAD3.R287Q
2908,SMAD3.R287W
2909,SMAD3.V244I
2910,SMAD4.A118V
2911,SMAD4.C115Y
2912,SMAD4.C363F
2913,SMAD4.C363R
2914,SMAD4.C363S
2915,SMAD4.C363Y
2916,SMAD4.C363del
2917,SMAD4.D351A
2918,SMAD4.D351G
2919,SMAD4.D351H
2920,SMAD4.D351N
2921,SMAD4.D351V
2922,SMAD4.D351Y
2923,SMAD4.D355G
2924,SMAD4.D355V
2925,SMAD4.D355Y
2926,SMAD4.D493G
2927,SMAD4.D493H
2928,SMAD4.D493N
2929,SMAD4.D537A
2930,SMAD4.D537E
2931,SMAD4.D537G
2932,SMAD4.D537H
2933,SMAD4.D537V
2934,SMAD4.D537Y
2935,SMAD4.D537_E538dup
2936,SMAD4.E134K
2937,SMAD4.E330*
2938,SMAD4.E330G
2939,SMAD4.E330K
2940,SMAD4.E330Q
2941,SMAD4.E526*
2942,SMAD4.E526A
2943,SMAD4.E526D
2944,SMAD4.E526K
2945,SMAD4.E526Q
2946,SMAD4.E526V
2947,SMAD4.G352A
2948,SMAD4.G352E
2949,SMAD4.G352L
2950,SMAD4.G352R
2951,SMAD4.G352V
2952,SMAD4.G365D
2953,SMAD4.G365_E377del
2954,SMAD4.G386A
2955,SMAD4.G386D
2956,SMAD4.G386R
2957,SMAD4.G386S
2958,SMAD4.G386V
2959,SMAD4.G419R
2960,SMAD4.G419V
2961,SMAD4.G419W
2962,SMAD4.G510*
2963,SMAD4.G510A
2964,SMAD4.G510E
2965,SMAD4.G510R
2966,SMAD4.H132Y
2967,SMAD4.H92Y
2968,SMAD4.I383R
2969,SMAD4.L109R
2970,SMAD4.L536P
2971,SMAD4.L536R
2972,SMAD4.L536_E538delinsQ
2973,SMAD4.L540del
2974,SMAD4.L57V
2975,SMAD4.P130L
2976,SMAD4.P356H
2977,SMAD4.P356L
2978,SMAD4.P356R
2979,SMAD4.P356S
2980,SMAD4.P91S
2981,SMAD4.Q366K
2982,SMAD4.Q534*
2983,SMAD4.Q534P
2984,SMAD4.R361C
2985,SMAD4.R361G
2986,SMAD4.R361H
2987,SMAD4.R361L
2988,SMAD4.R361S
2989,SMAD4.R361_G365del
2990,SMAD4.R445*
2991,SMAD4.R445Q
2992,SMAD4.R97H
2993,SMAD4.S178*
2994,SMAD4.S357_G365del
2995,SMAD4.V539_A546del
2996,SMAD4.W524C
2997,SMAD4.W524L
2998,SMAD4.W524R
2999,SMAD4.W99C
3000,SMAD4.Y133N
3001,SMAD4.Y353C
3002,SMAD4.Y353D
3003,SMAD4.Y353N
3004,SMAD4.Y95*
3005,SMAD4.Y95C
3006,SMAD4.Y95H
3007,SMARCA4.E821K
3008,SMARCA4.G1232C
3009,SMARCA4.G1232D
3010,SMARCA4.G1232S
3011,SMARCA4.G1232V
3012,SMARCA4.K546del
3013,SMARCA4.M781I
3014,SMARCA4.M781L
3015,SMARCA4.M781V
3016,SMARCA4.R1135Q
3017,SMARCA4.R1135W
3018,SMARCA4.R1157Q
3019,SMARCA4.R1157W
3020,SMARCA4.R1189*
3021,SMARCA4.R1189G
3022,SMARCA4.R1189L
3023,SMARCA4.R1189Q
3024,SMARCA4.R1192C
3025,SMARCA4.R1192H
3026,SMARCA4.R1243G
3027,SMARCA4.R1243L
3028,SMARCA4.R1243P
3029,SMARCA4.R1243W
3030,SMARCA4.R973Q
3031,SMARCA4.R973W
3032,SMARCA4.T910A
3033,SMARCA4.T910M
3034,SMARCA4.T910R
3035,SMARCB1.K364del
3036,SMARCB1.R374Q
3037,SMARCB1.R374W
3038,SMARCB1.R377C
3039,SMARCB1.R377H
3040,SMARCB1.R377L
3041,SMARCD1.R183*
3042,SMARCD1.R183Q
3043,SMO.L412F
3044,SMO.V414G
3045,SMO.W535L
3046,SOX17.A96G
3047,SOX17.S403I
3048,SOX9.H165R
3049,SOX9.K166N
3050,SOX9.K167del
3051,SOX9.Y172H
3052,SPOP.D130H
3053,SPOP.D130N
3054,SPOP.F102C
3055,SPOP.F102I
3056,SPOP.F102L
3057,SPOP.F102S
3058,SPOP.F102V
3059,SPOP.F104I
3060,SPOP.F125C
3061,SPOP.F125I
3062,SPOP.F125L
3063,SPOP.F125V
3064,SPOP.F133C
3065,SPOP.F133I
3066,SPOP.F133L
3067,SPOP.F133S
3068,SPOP.F133V
3069,SPOP.K129E
3070,SPOP.K134N
3071,SPOP.M117V
3072,SPOP.R121Q
3073,SPOP.S119N
3074,SPOP.S119R
3075,SPOP.W131C
3076,SPOP.W131G
3077,SPOP.W131L
3078,SPOP.W131S
3079,SPOP.Y87C
3080,SPOP.Y87D
3081,SPOP.Y87N
3082,SPOP.Y87S
3083,STAG2.R216*
3084,STAG2.R216Q
3085,STK11.D194G
3086,STK11.D194H
3087,STK11.D194N
3088,STK11.D194V
3089,STK11.D194Y
3090,STK11.E165*
3091,STK11.E165K
3092,STK11.E165Q
3093,STK11.E223*
3094,STK11.E223K
3095,STK11.E223V
3096,STK11.G196R
3097,STK11.G196V
3098,STK11.G242R
3099,STK11.G242V
3100,STK11.G242W
3101,STK11.G251C
3102,STK11.G251R
3103,STK11.G251V
3104,STK11.H174D
3105,STK11.H174L
3106,STK11.H174R
3107,STK11.K84*
3108,STK11.N181S
3109,STK11.N181T
3110,STK11.N181Y
3111,STK11.P179L
3112,STK11.P179Q
3113,STK11.P179R
3114,STK11.P221L
3115,STK11.P221S
3116,STK11.Q220*
3117,STK11.Q220P
3118,STK11.S216F
3119,STK11.W239*
3120,STK11.W239C
3121,STK11.W239S
3122,STK11.W308*
3123,STK11.W308C
3124,STK11.W308L
3125,STK11.X125_splice
3126,STK11.X155_splice
3127,STK11.X200_splice
3128,STK11.X245_splice
3129,STK11.X288_splice
3130,STK11.X307_splice
3131,STK11.X97_splice
3132,SYK.A52T
3133,SYK.R42H
3134,SYK.R45H
3135,SYK.S44I
3136,TBX3.W113*
3137,TET1.P1752S
3138,TET2.R550*
3139,TGFBR1.R487Q
3140,TGFBR1.R487W
3141,TGFBR1.S241L
3142,TGFBR1.T375I
3143,TGFBR1.T375K
3144,TGFBR1.T375R
3145,TGFBR2.D471N
3146,TGFBR2.D471Y
3147,TGFBR2.E544K
3148,TGFBR2.R520*
3149,TGFBR2.R553C
3150,TGFBR2.R553G
3151,TGFBR2.R553H
3152,TGFBR2.R553L
3153,TNFRSF14.C111W
3154,TP53.A138P
3155,TP53.A138T
3156,TP53.A138V
3157,TP53.A159D
3158,TP53.A159P
3159,TP53.A159V
3160,TP53.A159del
3161,TP53.A161D
3162,TP53.A161S
3163,TP53.A161T
3164,TP53.A276D
3165,TP53.A276G
3166,TP53.A276P
3167,TP53.A276_C277dup
3168,TP53.A276_E285del
3169,TP53.C135*
3170,TP53.C135F
3171,TP53.C135G
3172,TP53.C135R
3173,TP53.C135S
3174,TP53.C135W
3175,TP53.C135Y
3176,TP53.C135_L137delinsW
3177,TP53.C141*
3178,TP53.C141F
3179,TP53.C141G
3180,TP53.C141R
3181,TP53.C141W
3182,TP53.C141Y
3183,TP53.C141_P142del
3184,TP53.C176*
3185,TP53.C176F
3186,TP53.C176G
3187,TP53.C176R
3188,TP53.C176S
3189,TP53.C176W
3190,TP53.C176Y
3191,TP53.C176dup
3192,TP53.C229_H233del
3193,TP53.C229_T230del
3194,TP53.C238F
3195,TP53.C238G
3196,TP53.C238R
3197,TP53.C238S
3198,TP53.C238W
3199,TP53.C238Y
3200,TP53.C238_S240del
3201,TP53.C242*
3202,TP53.C242F
3203,TP53.C242G
3204,TP53.C242R
3205,TP53.C242S
3206,TP53.C242W
3207,TP53.C242Y
3208,TP53.C275*
3209,TP53.C275F
3210,TP53.C275G
3211,TP53.C275R
3212,TP53.C275S
3213,TP53.C275W
3214,TP53.C275Y
3215,TP53.C275_R282delinsW
3216,TP53.C277*
3217,TP53.C277F
3218,TP53.C277G
3219,TP53.C277Y
3220,TP53.D148_T150del
3221,TP53.D208E
3222,TP53.D208G
3223,TP53.D208N
3224,TP53.D208V
3225,TP53.D259H
3226,TP53.D259N
3227,TP53.D259V
3228,TP53.D259Y
3229,TP53.D281A
3230,TP53.D281E
3231,TP53.D281G
3232,TP53.D281H
3233,TP53.D281N
3234,TP53.D281P
3235,TP53.D281V
3236,TP53.D281Y
3237,TP53.D281_R282insP
3238,TP53.E180D
3239,TP53.E180K
3240,TP53.E180_D184del
3241,TP53.E198*
3242,TP53.E204_L206del
3243,TP53.E258*
3244,TP53.E258A
3245,TP53.E258D
3246,TP53.E258G
3247,TP53.E258K
3248,TP53.E258Q
3249,TP53.E258V
3250,TP53.E271*
3251,TP53.E271K
3252,TP53.E271Q
3253,TP53.E271V
3254,TP53.E285*
3255,TP53.E285K
3256,TP53.E285Q
3257,TP53.E285V
3258,TP53.E285_K292del
3259,TP53.E286*
3260,TP53.E286A
3261,TP53.E286G
3262,TP53.E286K
3263,TP53.E286Q
3264,TP53.E286V
3265,TP53.E286_E287del
3266,TP53.E294*
3267,TP53.E298*
3268,TP53.E298Q
3269,TP53.F109C
3270,TP53.F109I
3271,TP53.F109S
3272,TP53.F109V
3273,TP53.F113C
3274,TP53.F113L
3275,TP53.F113P
3276,TP53.F113S
3277,TP53.F113V
3278,TP53.F134C
3279,TP53.F134I
3280,TP53.F134L
3281,TP53.F134S
3282,TP53.F134V
3283,TP53.F270C
3284,TP53.F270I
3285,TP53.F270L
3286,TP53.F270S
3287,TP53.F270V
3288,TP53.F338L
3289,TP53.F341S
3290,TP53.G105C
3291,TP53.G105D
3292,TP53.G105R
3293,TP53.G105S
3294,TP53.G105V
3295,TP53.G154D
3296,TP53.G154V
3297,TP53.G154_T155del
3298,TP53.G199_E204del
3299,TP53.G244A
3300,TP53.G244C
3301,TP53.G244D
3302,TP53.G244F
3303,TP53.G244R
3304,TP53.G244S
3305,TP53.G244V
3306,TP53.G245A
3307,TP53.G245C
3308,TP53.G245D
3309,TP53.G245N
3310,TP53.G245R
3311,TP53.G245S
3312,TP53.G245V
3313,TP53.G245_P250delinsA
3314,TP53.G262V
3315,TP53.G262del
3316,TP53.G266*
3317,TP53.G266E
3318,TP53.G266K
3319,TP53.G266R
3320,TP53.G266T
3321,TP53.G266V
3322,TP53.G279E
3323,TP53.G279R
3324,TP53.G334V
3325,TP53.G334W
3326,TP53.H168L
3327,TP53.H168P
3328,TP53.H168R
3329,TP53.H178D
3330,TP53.H178N
3331,TP53.H178P
3332,TP53.H179D
3333,TP53.H179L
3334,TP53.H179N
3335,TP53.H179P
3336,TP53.H179Q
3337,TP53.H179R
3338,TP53.H179Y
3339,TP53.H179_D184del
3340,TP53.H179del
3341,TP53.H193D
3342,TP53.H193L
3343,TP53.H193N
3344,TP53.H193P
3345,TP53.H193Q
3346,TP53.H193R
3347,TP53.H193Y
3348,TP53.H214L
3349,TP53.H214P
3350,TP53.H214R
3351,TP53.I195F
3352,TP53.I195K
3353,TP53.I195N
3354,TP53.I195S
3355,TP53.I195T
3356,TP53.I232F
3357,TP53.I232N
3358,TP53.I232S
3359,TP53.I232T
3360,TP53.I251F
3361,TP53.I251M
3362,TP53.I251N
3363,TP53.I251S
3364,TP53.I254F
3365,TP53.I254L
3366,TP53.I254M
3367,TP53.I254N
3368,TP53.I254S
3369,TP53.I254_T256del
3370,TP53.I255F
3371,TP53.I255N
3372,TP53.I255S
3373,TP53.I255T
3374,TP53.I255del
3375,TP53.I255dup
3376,TP53.K120*
3377,TP53.K120E
3378,TP53.K120N
3379,TP53.K132*
3380,TP53.K132E
3381,TP53.K132M
3382,TP53.K132N
3383,TP53.K132Q
3384,TP53.K132R
3385,TP53.K132T
3386,TP53.K139E
3387,TP53.K139N
3388,TP53.K164*
3389,TP53.K164E
3390,TP53.L111M
3391,TP53.L111P
3392,TP53.L111Q
3393,TP53.L111R
3394,TP53.L130F
3395,TP53.L130H
3396,TP53.L130P
3397,TP53.L130R
3398,TP53.L130V
3399,TP53.L130_A138dup
3400,TP53.L130del
3401,TP53.L137Q
3402,TP53.L194F
3403,TP53.L194H
3404,TP53.L194P
3405,TP53.L194R
3406,TP53.L252_I254del
3407,TP53.L252del
3408,TP53.L252dup
3409,TP53.L257P
3410,TP53.L257Q
3411,TP53.L257R
3412,TP53.L257V
3413,TP53.L264_N268del
3414,TP53.L265P
3415,TP53.L265R
3416,TP53.L265del
3417,TP53.L330P
3418,TP53.L330R
3419,TP53.M133I
3420,TP53.M133K
3421,TP53.M133R
3422,TP53.M133T
3423,TP53.M237I
3424,TP53.M237K
3425,TP53.M237V
3426,TP53.M237_N239del
3427,TP53.M243I
3428,TP53.M243_I255del
3429,TP53.M246I
3430,TP53.M246K
3431,TP53.M246L
3432,TP53.M246R
3433,TP53.M246T
3434,TP53.M246V
3435,TP53.N131I
3436,TP53.N131K
3437,TP53.N131S
3438,TP53.N131del
3439,TP53.N235_Y236dup
3440,TP53.N235del
3441,TP53.N239D
3442,TP53.N239H
3443,TP53.N239K
3444,TP53.N239S
3445,TP53.N239T
3446,TP53.N239_S240del
3447,TP53.N239dup
3448,TP53.N247I
3449,TP53.N263_N268del
3450,TP53.P128del
3451,TP53.P142dup
3452,TP53.P151A
3453,TP53.P151F
3454,TP53.P151H
3455,TP53.P151R
3456,TP53.P151S
3457,TP53.P151T
3458,TP53.P152K
3459,TP53.P152L
3460,TP53.P152Q
3461,TP53.P152R
3462,TP53.P152S
3463,TP53.P152T
3464,TP53.P153_G154del
3465,TP53.P153del
3466,TP53.P177L
3467,TP53.P177R
3468,TP53.P177_C182del
3469,TP53.P177_H178del
3470,TP53.P190L
3471,TP53.P190R
3472,TP53.P190S
3473,TP53.P190T
3474,TP53.P191_L201del
3475,TP53.P191del
3476,TP53.P250L
3477,TP53.P250_L252del
3478,TP53.P278A
3479,TP53.P278F
3480,TP53.P278H
3481,TP53.P278L
3482,TP53.P278R
3483,TP53.P278S
3484,TP53.P278T
3485,TP53.Q104*
3486,TP53.Q136*
3487,TP53.Q136E
3488,TP53.Q136H
3489,TP53.Q136P
3490,TP53.Q136_C141del
3491,TP53.Q144*
3492,TP53.Q144H
3493,TP53.Q144L
3494,TP53.Q144P
3495,TP53.Q165*
3496,TP53.Q165H
3497,TP53.Q167*
3498,TP53.Q192*
3499,TP53.Q192L
3500,TP53.Q317*
3501,TP53.Q331*
3502,TP53.Q331H
3503,TP53.R110C
3504,TP53.R110H
3505,TP53.R110L
3506,TP53.R110P
3507,TP53.R158C
3508,TP53.R158F
3509,TP53.R158G
3510,TP53.R158H
3511,TP53.R158L
3512,TP53.R158P
3513,TP53.R158S
3514,TP53.R158_A159del
3515,TP53.R174W
3516,TP53.R175C
3517,TP53.R175G
3518,TP53.R175H
3519,TP53.R175L
3520,TP53.R181C
3521,TP53.R181H
3522,TP53.R181P
3523,TP53.R196*
3524,TP53.R196L
3525,TP53.R196P
3526,TP53.R196Q
3527,TP53.R202_L206del
3528,TP53.R213*
3529,TP53.R213G
3530,TP53.R213L
3531,TP53.R213P
3532,TP53.R213Q
3533,TP53.R248G
3534,TP53.R248L
3535,TP53.R248P
3536,TP53.R248Q
3537,TP53.R248W
3538,TP53.R249G
3539,TP53.R249I
3540,TP53.R249K
3541,TP53.R249M
3542,TP53.R249S
3543,TP53.R249T
3544,TP53.R249W
3545,TP53.R267G
3546,TP53.R267L
3547,TP53.R267P
3548,TP53.R267Q
3549,TP53.R267W
3550,TP53.R273C
3551,TP53.R273G
3552,TP53.R273H
3553,TP53.R273L
3554,TP53.R273P
3555,TP53.R273S
3556,TP53.R280*
3557,TP53.R280G
3558,TP53.R280I
3559,TP53.R280K
3560,TP53.R280S
3561,TP53.R280T
3562,TP53.R282G
3563,TP53.R282L
3564,TP53.R282P
3565,TP53.R282Q
3566,TP53.R282W
3567,TP53.R283H
3568,TP53.R283P
3569,TP53.R306*
3570,TP53.R306Q
3571,TP53.R333P
3572,TP53.R337C
3573,TP53.R337G
3574,TP53.R337H
3575,TP53.R337L
3576,TP53.R337P
3577,TP53.R337S
3578,TP53.R342*
3579,TP53.R342P
3580,TP53.S127F
3581,TP53.S127P
3582,TP53.S127T
3583,TP53.S127Y
3584,TP53.S183_G187delinsC
3585,TP53.S215C
3586,TP53.S215G
3587,TP53.S215I
3588,TP53.S215N
3589,TP53.S215R
3590,TP53.S215T
3591,TP53.S240G
3592,TP53.S240R
3593,TP53.S240_C242del
3594,TP53.S240_S241del
3595,TP53.S241A
3596,TP53.S241C
3597,TP53.S241F
3598,TP53.S241P
3599,TP53.S241T
3600,TP53.S241Y
3601,TP53.S241dup
3602,TP53.S269_E271del
3603,TP53.T125A
3604,TP53.T125K
3605,TP53.T125M
3606,TP53.T125P
3607,TP53.T125R
3608,TP53.T150_R158del
3609,TP53.T155I
3610,TP53.T155N
3611,TP53.T155P
3612,TP53.T155_A161del
3613,TP53.T155_R156del
3614,TP53.T155_R158del
3615,TP53.T231_I232del
3616,TP53.T231_I232insTDCTT
3617,TP53.T253_L257del
3618,TP53.T253dup
3619,TP53.T256_S260del
3620,TP53.T256del
3621,TP53.T284P
3622,TP53.V143A
3623,TP53.V143E
3624,TP53.V143G
3625,TP53.V143M
3626,TP53.V143_P153del
3627,TP53.V157A
3628,TP53.V157D
3629,TP53.V157F
3630,TP53.V157G
3631,TP53.V157L
3632,TP53.V157_R158del
3633,TP53.V172D
3634,TP53.V172F
3635,TP53.V173A
3636,TP53.V173E
3637,TP53.V173G
3638,TP53.V173L
3639,TP53.V173M
3640,TP53.V197E
3641,TP53.V197G
3642,TP53.V197L
3643,TP53.V197M
3644,TP53.V216E
3645,TP53.V216G
3646,TP53.V216L
3647,TP53.V216M
3648,TP53.V218E
3649,TP53.V218G
3650,TP53.V218L
3651,TP53.V218M
3652,TP53.V272A
3653,TP53.V272E
3654,TP53.V272G
3655,TP53.V272K
3656,TP53.V272L
3657,TP53.V272M
3658,TP53.V272_R273insL
3659,TP53.V274A
3660,TP53.V274D
3661,TP53.V274F
3662,TP53.V274G
3663,TP53.V274L
3664,TP53.V274_C275dup
3665,TP53.W146*
3666,TP53.W146C
3667,TP53.W146G
3668,TP53.W53*
3669,TP53.W91*
3670,TP53.X125_splice
3671,TP53.X126_splice
3672,TP53.X187_splice
3673,TP53.X224_splice
3674,TP53.X225_splice
3675,TP53.X261_splice
3676,TP53.X307_splice
3677,TP53.X32_splice
3678,TP53.X331_splice
3679,TP53.X332_splice
3680,TP53.X33_splice
3681,TP53.Y107*
3682,TP53.Y107D
3683,TP53.Y126*
3684,TP53.Y126C
3685,TP53.Y126D
3686,TP53.Y126H
3687,TP53.Y126N
3688,TP53.Y126S
3689,TP53.Y163*
3690,TP53.Y163C
3691,TP53.Y163D
3692,TP53.Y163H
3693,TP53.Y163N
3694,TP53.Y205*
3695,TP53.Y205C
3696,TP53.Y205D
3697,TP53.Y205F
3698,TP53.Y205H
3699,TP53.Y205N
3700,TP53.Y205S
3701,TP53.Y220*
3702,TP53.Y220C
3703,TP53.Y220D
3704,TP53.Y220H
3705,TP53.Y220N
3706,TP53.Y220S
3707,TP53.Y234*
3708,TP53.Y234C
3709,TP53.Y234D
3710,TP53.Y234H
3711,TP53.Y234N
3712,TP53.Y234S
3713,TP53.Y234_M237del
3714,TP53.Y234del
3715,TP53.Y236*
3716,TP53.Y236C
3717,TP53.Y236D
3718,TP53.Y236H
3719,TP53.Y236N
3720,TP53.Y236S
3721,TP53.Y236_M237delinsL
3722,TP63.E609K
3723,TP63.R379C
3724,TP63.R379H
3725,TP63.R379S
3726,TP63.S365*
3727,TP63.S365L
3728,TP63.X194_splice
3729,TRAF7.N520S
3730,TRAF7.R189L
3731,TRAF7.R189P
3732,TRAF7.R189W
3733,TSC1.X797_splice
3734,U2AF1.G222_G223del
3735,U2AF1.I24T
3736,U2AF1.Q157R
3737,U2AF1.S34F
3738,U2AF1.S34Y
3739,VHL.C162*
3740,VHL.C162R
3741,VHL.C162W
3742,VHL.C162Y
3743,VHL.D121G
3744,VHL.D121Y
3745,VHL.E70_R79dup
3746,VHL.F76del
3747,VHL.G114A
3748,VHL.G114C
3749,VHL.G114R
3750,VHL.H115N
3751,VHL.H115Y
3752,VHL.I151N
3753,VHL.I151S
3754,VHL.I151T
3755,VHL.I75_C77del
3756,VHL.L101P
3757,VHL.L128H
3758,VHL.L135*
3759,VHL.L153P
3760,VHL.L158P
3761,VHL.L158Q
3762,VHL.L158V
3763,VHL.L169P
3764,VHL.L89H
3765,VHL.L89P
3766,VHL.N131Y
3767,VHL.N78K
3768,VHL.N78S
3769,VHL.N78Y
3770,VHL.P86L
3771,VHL.P86R
3772,VHL.P86S
3773,VHL.R120G
3774,VHL.R161*
3775,VHL.R161L
3776,VHL.R161Q
3777,VHL.R79G
3778,VHL.R79_S80del
3779,VHL.R82P
3780,VHL.S111N
3781,VHL.S111P
3782,VHL.S65*
3783,VHL.S65L
3784,VHL.S65P
3785,VHL.S65T
3786,VHL.S65W
3787,VHL.S68*
3788,VHL.S68P
3789,VHL.S80N
3790,VHL.S80R
3791,VHL.V74D
3792,VHL.W117*
3793,VHL.W117C
3794,VHL.W117L
3795,VHL.W88*
3796,VHL.W88R
3797,VHL.X114_splice
3798,VHL.X155_splice
3799,VHL.Y112*
3800,VHL.Y112C
3801,XPO1.E571K
3802,XPO1.R749*
3803,XPO1.R749Q
3804,ABL1_Amp
3805,AKT1_Amp
3806,AKT2_Amp
3807,AKT3_Amp
3808,ALK_Amp
3809,ALOX12B_Amp
3810,APC_Amp
3811,AR_Amp
3812,ARAF_Amp
3813,ARID1A_Amp
3814,ARID1B_Amp
3815,ARID2_Amp
3816,ARID5B_Amp
3817,ASXL1_Amp
3818,ASXL2_Amp
3819,ATM_Amp
3820,ATR_Amp
3821,ATRX_Amp
3822,AURKA_Amp
3823,AURKB_Amp
3824,AXIN1_Amp
3825,AXIN2_Amp
3826,AXL_Amp
3827,B2M_Amp
3828,BAP1_Amp
3829,BARD1_Amp
3830,BBC3_Amp
3831,BCL2_Amp
3832,BCL2L1_Amp
3833,BCL2L11_Amp
3834,BCL6_Amp
3835,BCOR_Amp
3836,BLM_Amp
3837,BMPR1A_Amp
3838,BRAF_Amp
3839,BRCA1_Amp
3840,BRCA2_Amp
3841,BRD4_Amp
3842,BRIP1_Amp
3843,BTK_Amp
3844,CARD11_Amp
3845,CASP8_Amp
3846,CBFB_Amp
3847,CBL_Amp
3848,CCND1_Amp
3849,CCND2_Amp
3850,CCND3_Amp
3851,CCNE1_Amp
3852,CD274_Amp
3853,CD276_Amp
3854,CD79B_Amp
3855,CDC73_Amp
3856,CDH1_Amp
3857,CDK12_Amp
3858,CDK4_Amp
3859,CDK6_Amp
3860,CDK8_Amp
3861,CDKN1A_Amp
3862,CDKN1B_Amp
3863,CDKN2A_Amp
3864,CDKN2B_Amp
3865,CDKN2C_Amp
3866,CHEK1_Amp
3867,CHEK2_Amp
3868,CIC_Amp
3869,CREBBP_Amp
3870,CRKL_Amp
3871,CRLF2_Amp
3872,CSF1R_Amp
3873,CTCF_Amp
3874,CTLA4_Amp
3875,CTNNB1_Amp
3876,CUL3_Amp
3877,DAXX_Amp
3878,DCUN1D1_Amp
3879,DDR2_Amp
3880,DICER1_Amp
3881,DIS3_Amp
3882,DNMT1_Amp
3883,DNMT3A_Amp
3884,DNMT3B_Amp
3885,DOT1L_Amp
3886,E2F3_Amp
3887,EED_Amp
3888,EGFL7_Amp
3889,EGFR_Amp
3890,EIF1AX_Amp
3891,EP300_Amp
3892,EPCAM_Amp
3893,EPHA3_Amp
3894,EPHA5_Amp
3895,EPHB1_Amp
3896,ERBB2_Amp
3897,ERBB3_Amp
3898,ERBB4_Amp
3899,ERCC2_Amp
3900,ERCC3_Amp
3901,ERCC4_Amp
3902,ERCC5_Amp
3903,ERG_Amp
3904,ESR1_Amp
3905,ETV1_Amp
3906,ETV6_Amp
3907,EZH2_Amp
3908,FAM123B_Amp
3909,FAM175A_Amp
3910,FAM46C_Amp
3911,FANCA_Amp
3912,FANCC_Amp
3913,FAT1_Amp
3914,FBXW7_Amp
3915,FGF19_Amp
3916,FGF3_Amp
3917,FGF4_Amp
3918,FGFR1_Amp
3919,FGFR2_Amp
3920,FGFR3_Amp
3921,FGFR4_Amp
3922,FH_Amp
3923,FLCN_Amp
3924,FLT1_Amp
3925,FLT3_Amp
3926,FLT4_Amp
3927,FOXA1_Amp
3928,FOXL2_Amp
3929,FOXP1_Amp
3930,FUBP1_Amp
3931,GATA1_Amp
3932,GATA2_Amp
3933,GATA3_Amp
3934,GNA11_Amp
3935,GNAQ_Amp
3936,GNAS_Amp
3937,GREM1_Amp
3938,GRIN2A_Amp
3939,GSK3B_Amp
3940,H3F3C_Amp
3941,HGF_Amp
3942,HIST1H1C_Amp
3943,HIST1H2BD_Amp
3944,HIST1H3B_Amp
3945,HNF1A_Amp
3946,HRAS_Amp
3947,ICOSLG_Amp
3948,IDH1_Amp
3949,IDH2_Amp
3950,IFNGR1_Amp
3951,IGF1_Amp
3952,IGF1R_Amp
3953,IGF2_Amp
3954,IKBKE_Amp
3955,IKZF1_Amp
3956,IL10_Amp
3957,IL7R_Amp
3958,INPP4A_Amp
3959,INPP4B_Amp
3960,INSR_Amp
3961,IRF4_Amp
3962,IRS1_Amp
3963,IRS2_Amp
3964,JAK1_Amp
3965,JAK2_Amp
3966,JAK3_Amp
3967,JUN_Amp
3968,KDM5A_Amp
3969,KDM5C_Amp
3970,KDM6A_Amp
3971,KDR_Amp
3972,KEAP1_Amp
3973,KIT_Amp
3974,KLF4_Amp
3975,KMT2A_Amp
3976,KMT2C_Amp
3977,KMT2D_Amp
3978,KRAS_Amp
3979,LATS1_Amp
3980,LATS2_Amp
3981,LMO1_Amp
3982,MAP2K1_Amp
3983,MAP2K2_Amp
3984,MAP2K4_Amp
3985,MAP3K1_Amp
3986,MAP3K13_Amp
3987,MAPK1_Amp
3988,MAX_Amp
3989,MCL1_Amp
3990,MDC1_Amp
3991,MDM2_Amp
3992,MDM4_Amp
3993,MED12_Amp
3994,MEF2B_Amp
3995,MEN1_Amp
3996,MET_Amp
3997,MITF_Amp
3998,MLH1_Amp
3999,MPL_Amp
4000,MRE11A_Amp
4001,MSH2_Amp
4002,MSH6_Amp
4003,MTOR_Amp
4004,MUTYH_Amp
4005,MYC_Amp
4006,MYCL1_Amp
4007,MYCN_Amp
4008,MYD88_Amp
4009,MYOD1_Amp
4010,NBN_Amp
4011,NCOR1_Amp
4012,NF1_Amp
4013,NF2_Amp
4014,NFE2L2_Amp
4015,NKX2-1_Amp
4016,NKX3-1_Amp
4017,NOTCH1_Amp
4018,NOTCH2_Amp
4019,NOTCH3_Amp
4020,NOTCH4_Amp
4021,NPM1_Amp
4022,NRAS_Amp
4023,NSD1_Amp
4024,NTRK1_Amp
4025,NTRK2_Amp
4026,NTRK3_Amp
4027,PAK1_Amp
4028,PAK7_Amp
4029,PALB2_Amp
4030,PARK2_Amp
4031,PARP1_Amp
4032,PAX5_Amp
4033,PBRM1_Amp
4034,PDCD1_Amp
4035,PDGFRA_Amp
4036,PDGFRB_Amp
4037,PHOX2B_Amp
4038,PIK3C2G_Amp
4039,PIK3C3_Amp
4040,PIK3CA_Amp
4041,PIK3CB_Amp
4042,PIK3CD_Amp
4043,PIK3CG_Amp
4044,PIK3R1_Amp
4045,PIK3R2_Amp
4046,PIK3R3_Amp
4047,PIM1_Amp
4048,PLK2_Amp
4049,PMAIP1_Amp
4050,PMS1_Amp
4051,PMS2_Amp
4052,PNRC1_Amp
4053,POLE_Amp
4054,PPP2R1A_Amp
4055,PRDM1_Amp
4056,PRKAR1A_Amp
4057,PTCH1_Amp
4058,PTEN_Amp
4059,PTPN11_Amp
4060,PTPRD_Amp
4061,PTPRS_Amp
4062,PTPRT_Amp
4063,RAC1_Amp
4064,RAD50_Amp
4065,RAD51_Amp
4066,RAD51C_Amp
4067,RAD51L1_Amp
4068,RAD51L3_Amp
4069,RAD52_Amp
4070,RAD54L_Amp
4071,RAF1_Amp
4072,RARA_Amp
4073,RASA1_Amp
4074,RB1_Amp
4075,RBM10_Amp
4076,RECQL4_Amp
4077,REL_Amp
4078,RET_Amp
4079,RFWD2_Amp
4080,RHOA_Amp
4081,RICTOR_Amp
4082,RIT1_Amp
4083,RNF43_Amp
4084,ROS1_Amp
4085,RPS6KA4_Amp
4086,RPS6KB2_Amp
4087,RPTOR_Amp
4088,RUNX1_Amp
4089,RYBP_Amp
4090,SDHA_Amp
4091,SDHAF2_Amp
4092,SDHB_Amp
4093,SDHC_Amp
4094,SDHD_Amp
4095,SETD2_Amp
4096,SF3B1_Amp
4097,SH2D1A_Amp
4098,SHQ1_Amp
4099,SMAD2_Amp
4100,SMAD3_Amp
4101,SMAD4_Amp
4102,SMARCA4_Amp
4103,SMARCB1_Amp
4104,SMARCD1_Amp
4105,SMO_Amp
4106,SOCS1_Amp
4107,SOX17_Amp
4108,SOX2_Amp
4109,SOX9_Amp
4110,SPEN_Amp
4111,SPOP_Amp
4112,SRC_Amp
4113,STAG2_Amp
4114,STK11_Amp
4115,STK40_Amp
4116,SUFU_Amp
4117,SUZ12_Amp
4118,SYK_Amp
4119,TBX3_Amp
4120,TERT_Amp
4121,TET1_Amp
4122,TET2_Amp
4123,TGFBR1_Amp
4124,TGFBR2_Amp
4125,TMEM127_Amp
4126,TMPRSS2_Amp
4127,TNFAIP3_Amp
4128,TNFRSF14_Amp
4129,TOP1_Amp
4130,TP53_Amp
4131,TP63_Amp
4132,TRAF7_Amp
4133,TSC1_Amp
4134,TSC2_Amp
4135,TSHR_Amp
4136,U2AF1_Amp
4137,VHL_Amp
4138,VTCN1_Amp
4139,WT1_Amp
4140,XIAP_Amp
4141,XPO1_Amp
4142,YAP1_Amp
4143,YES1_Amp
4144,ABL1_HomDel
4145,AKT1_HomDel
4146,AKT2_HomDel
4147,AKT3_HomDel
4148,ALK_HomDel
4149,ALOX12B_HomDel
4150,APC_HomDel
4151,AR_HomDel
4152,ARAF_HomDel
4153,ARID1A_HomDel
4154,ARID1B_HomDel
4155,ARID2_HomDel
4156,ARID5B_HomDel
4157,ASXL1_HomDel
4158,ASXL2_HomDel
4159,ATM_HomDel
4160,ATR_HomDel
4161,ATRX_HomDel
4162,AURKA_HomDel
4163,AURKB_HomDel
4164,AXIN1_HomDel
4165,AXIN2_HomDel
4166,AXL_HomDel
4167,B2M_HomDel
4168,BAP1_HomDel
4169,BARD1_HomDel
4170,BBC3_HomDel
4171,BCL2_HomDel
4172,BCL2L1_HomDel
4173,BCL2L11_HomDel
4174,BCL6_HomDel
4175,BCOR_HomDel
4176,BLM_HomDel
4177,BMPR1A_HomDel
4178,BRAF_HomDel
4179,BRCA1_HomDel
4180,BRCA2_HomDel
4181,BRD4_HomDel
4182,BRIP1_HomDel
4183,BTK_HomDel
4184,CARD11_HomDel
4185,CASP8_HomDel
4186,CBFB_HomDel
4187,CBL_HomDel
4188,CCND1_HomDel
4189,CCND2_HomDel
4190,CCND3_HomDel
4191,CCNE1_HomDel
4192,CD274_HomDel
4193,CD276_HomDel
4194,CD79B_HomDel
4195,CDC73_HomDel
4196,CDH1_HomDel
4197,CDK12_HomDel
4198,CDK4_HomDel
4199,CDK6_HomDel
4200,CDK8_HomDel
4201,CDKN1A_HomDel
4202,CDKN1B_HomDel
4203,CDKN2A_HomDel
4204,CDKN2B_HomDel
4205,CDKN2C_HomDel
4206,CHEK1_HomDel
4207,CHEK2_HomDel
4208,CIC_HomDel
4209,CREBBP_HomDel
4210,CRKL_HomDel
4211,CRLF2_HomDel
4212,CSF1R_HomDel
4213,CTCF_HomDel
4214,CTLA4_HomDel
4215,CTNNB1_HomDel
4216,CUL3_HomDel
4217,DAXX_HomDel
4218,DCUN1D1_HomDel
4219,DDR2_HomDel
4220,DICER1_HomDel
4221,DIS3_HomDel
4222,DNMT1_HomDel
4223,DNMT3A_HomDel
4224,DNMT3B_HomDel
4225,DOT1L_HomDel
4226,E2F3_HomDel
4227,EED_HomDel
4228,EGFL7_HomDel
4229,EGFR_HomDel
4230,EIF1AX_HomDel
4231,EP300_HomDel
4232,EPCAM_HomDel
4233,EPHA3_HomDel
4234,EPHA5_HomDel
4235,EPHB1_HomDel
4236,ERBB2_HomDel
4237,ERBB3_HomDel
4238,ERBB4_HomDel
4239,ERCC2_HomDel
4240,ERCC3_HomDel
4241,ERCC4_HomDel
4242,ERCC5_HomDel
4243,ERG_HomDel
4244,ESR1_HomDel
4245,ETV1_HomDel
4246,ETV6_HomDel
4247,EZH2_HomDel
4248,FAM123B_HomDel
4249,FAM175A_HomDel
4250,FAM46C_HomDel
4251,FANCA_HomDel
4252,FANCC_HomDel
4253,FAT1_HomDel
4254,FBXW7_HomDel
4255,FGF19_HomDel
4256,FGF3_HomDel
4257,FGF4_HomDel
4258,FGFR1_HomDel
4259,FGFR2_HomDel
4260,FGFR3_HomDel
4261,FGFR4_HomDel
4262,FH_HomDel
4263,FLCN_HomDel
4264,FLT1_HomDel
4265,FLT3_HomDel
4266,FLT4_HomDel
4267,FOXA1_HomDel
4268,FOXL2_HomDel
4269,FOXP1_HomDel
4270,FUBP1_HomDel
4271,GATA1_HomDel
4272,GATA2_HomDel
4273,GATA3_HomDel
4274,GNA11_HomDel
4275,GNAQ_HomDel
4276,GNAS_HomDel
4277,GREM1_HomDel
4278,GRIN2A_HomDel
4279,GSK3B_HomDel
4280,H3F3C_HomDel
4281,HGF_HomDel
4282,HIST1H1C_HomDel
4283,HIST1H2BD_HomDel
4284,HIST1H3B_HomDel
4285,HNF1A_HomDel
4286,HRAS_HomDel
4287,ICOSLG_HomDel
4288,IDH1_HomDel
4289,IDH2_HomDel
4290,IFNGR1_HomDel
4291,IGF1_HomDel
4292,IGF1R_HomDel
4293,IGF2_HomDel
4294,IKBKE_HomDel
4295,IKZF1_HomDel
4296,IL10_HomDel
4297,IL7R_HomDel
4298,INPP4A_HomDel
4299,INPP4B_HomDel
4300,INSR_HomDel
4301,IRF4_HomDel
4302,IRS1_HomDel
4303,IRS2_HomDel
4304,JAK1_HomDel
4305,JAK2_HomDel
4306,JAK3_HomDel
4307,JUN_HomDel
4308,KDM5A_HomDel
4309,KDM5C_HomDel
4310,KDM6A_HomDel
4311,KDR_HomDel
4312,KEAP1_HomDel
4313,KIT_HomDel
4314,KLF4_HomDel
4315,KMT2A_HomDel
4316,KMT2C_HomDel
4317,KMT2D_HomDel
4318,KRAS_HomDel
4319,LATS1_HomDel
4320,LATS2_HomDel
4321,LMO1_HomDel
4322,MAP2K1_HomDel
4323,MAP2K2_HomDel
4324,MAP2K4_HomDel
4325,MAP3K1_HomDel
4326,MAP3K13_HomDel
4327,MAPK1_HomDel
4328,MAX_HomDel
4329,MDC1_HomDel
4330,MDM2_HomDel
4331,MDM4_HomDel
4332,MED12_HomDel
4333,MEF2B_HomDel
4334,MEN1_HomDel
4335,MET_HomDel
4336,MITF_HomDel
4337,MLH1_HomDel
4338,MPL_HomDel
4339,MRE11A_HomDel
4340,MSH2_HomDel
4341,MSH6_HomDel
4342,MTOR_HomDel
4343,MUTYH_HomDel
4344,MYC_HomDel
4345,MYCL1_HomDel
4346,MYCN_HomDel
4347,MYD88_HomDel
4348,MYOD1_HomDel
4349,NBN_HomDel
4350,NCOR1_HomDel
4351,NF1_HomDel
4352,NF2_HomDel
4353,NFE2L2_HomDel
4354,NKX2-1_HomDel
4355,NKX3-1_HomDel
4356,NOTCH1_HomDel
4357,NOTCH2_HomDel
4358,NOTCH3_HomDel
4359,NOTCH4_HomDel
4360,NPM1_HomDel
4361,NRAS_HomDel
4362,NSD1_HomDel
4363,NTRK1_HomDel
4364,NTRK2_HomDel
4365,NTRK3_HomDel
4366,PAK1_HomDel
4367,PAK7_HomDel
4368,PALB2_HomDel
4369,PARK2_HomDel
4370,PARP1_HomDel
4371,PAX5_HomDel
4372,PBRM1_HomDel
4373,PDCD1_HomDel
4374,PDGFRA_HomDel
4375,PDGFRB_HomDel
4376,PHOX2B_HomDel
4377,PIK3C2G_HomDel
4378,PIK3C3_HomDel
4379,PIK3CA_HomDel
4380,PIK3CB_HomDel
4381,PIK3CD_HomDel
4382,PIK3CG_HomDel
4383,PIK3R1_HomDel
4384,PIK3R2_HomDel
4385,PIK3R3_HomDel
4386,PIM1_HomDel
4387,PLK2_HomDel
4388,PMAIP1_HomDel
4389,PMS1_HomDel
4390,PMS2_HomDel
4391,PNRC1_HomDel
4392,POLE_HomDel
4393,PPP2R1A_HomDel
4394,PRDM1_HomDel
4395,PRKAR1A_HomDel
4396,PTCH1_HomDel
4397,PTEN_HomDel
4398,PTPN11_HomDel
4399,PTPRD_HomDel
4400,PTPRS_HomDel
4401,PTPRT_HomDel
4402,RAC1_HomDel
4403,RAD50_HomDel
4404,RAD51_HomDel
4405,RAD51C_HomDel
4406,RAD51L1_HomDel
4407,RAD51L3_HomDel
4408,RAD52_HomDel
4409,RAD54L_HomDel
4410,RAF1_HomDel
4411,RARA_HomDel
4412,RASA1_HomDel
4413,RB1_HomDel
4414,RBM10_HomDel
4415,RECQL4_HomDel
4416,REL_HomDel
4417,RET_HomDel
4418,RFWD2_HomDel
4419,RHOA_HomDel
4420,RICTOR_HomDel
4421,RIT1_HomDel
4422,RNF43_HomDel
4423,ROS1_HomDel
4424,RPS6KA4_HomDel
4425,RPS6KB2_HomDel
4426,RPTOR_HomDel
4427,RUNX1_HomDel
4428,RYBP_HomDel
4429,SDHA_HomDel
4430,SDHAF2_HomDel
4431,SDHB_HomDel
4432,SDHC_HomDel
4433,SDHD_HomDel
4434,SETD2_HomDel
4435,SF3B1_HomDel
4436,SH2D1A_HomDel
4437,SHQ1_HomDel
4438,SMAD2_HomDel
4439,SMAD3_HomDel
4440,SMAD4_HomDel
4441,SMARCA4_HomDel
4442,SMARCB1_HomDel
4443,SMARCD1_HomDel
4444,SMO_HomDel
4445,SOCS1_HomDel
4446,SOX17_HomDel
4447,SOX2_HomDel
4448,SOX9_HomDel
4449,SPEN_HomDel
4450,SPOP_HomDel
4451,SRC_HomDel
4452,STAG2_HomDel
4453,STK11_HomDel
4454,STK40_HomDel
4455,SUFU_HomDel
4456,SUZ12_HomDel
4457,SYK_HomDel
4458,TBX3_HomDel
4459,TERT_HomDel
4460,TET1_HomDel
4461,TET2_HomDel
4462,TGFBR1_HomDel
4463,TGFBR2_HomDel
4464,TMEM127_HomDel
4465,TMPRSS2_HomDel
4466,TNFAIP3_HomDel
4467,TNFRSF14_HomDel
4468,TOP1_HomDel
4469,TP53_HomDel
4470,TP63_HomDel
4471,TRAF7_HomDel
4472,TSC1_HomDel
4473,TSC2_HomDel
4474,TSHR_HomDel
4475,U2AF1_HomDel
4476,VHL_HomDel
4477,VTCN1_HomDel
4478,WT1_HomDel
4479,XIAP_HomDel
4480,XPO1_HomDel
4481,YAP1_HomDel
4482,YES1_HomDel
4483,Amp_10p
4484,Amp_10q
4485,Amp_11p
4486,Amp_11q
4487,Amp_12p
4488,Amp_12q
4489,Amp_13q
4490,Amp_14q
4491,Amp_15q
4492,Amp_16p
4493,Amp_16q
4494,Amp_17p
4495,Amp_17q
4496,Amp_18p
4497,Amp_18q
4498,Amp_19p
4499,Amp_19q
4500,Amp_1p
4501,Amp_1q
4502,Amp_20p
4503,Amp_20q
4504,Amp_21q
4505,Amp_22q
4506,Amp_2p
4507,Amp_2q
4508,Amp_3p
4509,Amp_3q
4510,Amp_4p
4511,Amp_4q
4512,Amp_5p
4513,Amp_5q
4514,Amp_6p
4515,Amp_6q
4516,Amp_7p
4517,Amp_7q
4518,Amp_8p
4519,Amp_8q
4520,Amp_9p
4521,Amp_9q
4522,Amp_Xp
4523,Amp_Xq
4524,Del_10p
4525,Del_10q
4526,Del_11p
4527,Del_11q
4528,Del_12p
4529,Del_12q
4530,Del_13q
4531,Del_14q
4532,Del_15q
4533,Del_16p
4534,Del_16q
4535,Del_17p
4536,Del_17q
4537,Del_18p
4538,Del_18q
4539,Del_19p
4540,Del_19q
4541,Del_1p
4542,Del_1q
4543,Del_20p
4544,Del_20q
4545,Del_21q
4546,Del_22q
4547,Del_2p
4548,Del_2q
4549,Del_3p
4550,Del_3q
4551,Del_4p
4552,Del_4q
4553,Del_5p
4554,Del_5q
4555,Del_6p
4556,Del_6q
4557,Del_7p
4558,Del_7q
4559,Del_8p
4560,Del_8q
4561,Del_9p
4562,Del_9q
4563,Del_Xp
4564,Del_Xq
4565,CN_Burden
4566,ALK_fusion
4567,BRAF_fusion
4568,EGFR_SV
4569,ETV6_fusion
4570,EWSR1_fusion
4571,FGFR2_fusion
4572,FGFR3_fusion
4573,MET_SV
4574,NTRK1_fusion
4575,NTRK2_fusion
4576,NTRK3_fusion
4577,PAX8_fusion
4578,RET_fusion
4579,ROS1_fusion
4580,TMPRSS2_fusion
4581,Sig_APOBEC
4582,Sig_Age
4583,Sig_BRCA
4584,Sig_MMR
4585,Sig_POLE
4586,Sig_Smoking
4587,Sig_TMZ
4588,Sig_UV
4589,ACAA
4590,ACAC
4591,ACAG
4592,ACAT
4593,ACGA
4594,ACGC
4595,ACGG
4596,ACGT
4597,ACTA
4598,ACTC
4599,ACTG
4600,ACTT
4601,ATAA
4602,ATAC
4603,ATAG
4604,ATAT
4605,ATCA
4606,ATCC
4607,ATCG
4608,ATCT
4609,ATGA
4610,ATGC
4611,ATGG
4612,ATGT
4613,CCAA
4614,CCAC
4615,CCAG
4616,CCAT
4617,CCGA
4618,CCGC
4619,CCGG
4620,CCGT
4621,CCTA
4622,CCTC
4623,CCTG
4624,CCTT
4625,CTAA
4626,CTAC
4627,CTAG
4628,CTAT
4629,CTCA
4630,CTCC
4631,CTCG
4632,CTCT
4633,CTGA
4634,CTGC
4635,CTGG
4636,CTGT
4637,GCAA
4638,GCAC
4639,GCAG
4640,GCAT
4641,GCGA
4642,GCGC
4643,GCGG
4644,GCGT
4645,GCTA
4646,GCTC
4647,GCTG
4648,GCTT
4649,GTAA
4650,GTAC
4651,GTAG
4652,GTAT
4653,GTCA
4654,GTCC
4655,GTCG
4656,GTCT
4657,GTGA
4658,GTGC
4659,GTGG
4660,GTGT
4661,TCAA
4662,TCAC
4663,TCAG
4664,TCAT
4665,TCGA
4666,TCGC
4667,TCGG
4668,TCGT
4669,TCTA
4670,TCTC
4671,TCTG
4672,TCTT
4673,TTAA
4674,TTAC
4675,TTAG
4676,TTAT
4677,TTCA
4678,TTCC
4679,TTCG
4680,TTCT
4681,TTGA
4682,TTGC
4683,TTGG
4684,TTGT
